student_id,age,gender,department,semester,income_bracket,internet_access,part_time_job,first_gen_student,prev_cgpa,attendance_pct,study_hours_per_week,assignment_completion_pct,midterm_score,num_backlogs,participation_score,library_hours_per_week,extracurricular_activities,sleep_hours_per_night,stress_level,teacher_interaction,final_cgpa,final_grade,performance
STU01001,20,Male,Civil,3,Lower-Middle,1,0,0,7.22,77.2,15.6,67.6,78.5,4,7.9,4.3,4,8.4,1.7,1,7.06,B,Pass
STU01002,18,Female,Computer Science,7,Low,0,1,1,7.39,80.7,10.6,71.6,79.5,1,8.3,1.6,3,6.7,1.7,2,7.11,B,Pass
STU01003,22,Female,Computer Science,7,High,0,0,0,6.53,82.0,16.2,68.3,55.8,2,6.8,6.2,5,8.6,1.8,0,7.11,B,Pass
STU01004,24,Female,Electronics,3,Upper-Middle,1,1,0,6.0,56.7,15.0,54.1,62.9,1,6.3,6.0,4,7.7,1.2,1,6.43,C,Pass
STU01005,23,Male,Mechanical,6,High,0,0,0,4.92,69.3,6.4,55.7,48.8,2,4.5,5.2,0,8.2,6.8,2,5.01,D,Pass
STU01006,24,Male,Civil,3,Lower-Middle,1,1,1,6.3,69.3,7.9,54.1,79.9,1,6.2,0.0,0,4.3,4.0,1,5.87,D,Pass
STU01007,20,Male,Civil,1,Middle,0,0,0,7.82,80.4,14.7,58.3,80.0,0,7.6,5.6,5,6.8,3.2,0,7.83,B,Pass
STU01008,19,Female,Electronics,1,Upper-Middle,1,1,0,6.29,79.9,8.5,54.0,70.3,1,3.6,4.9,0,5.5,6.7,0,5.96,D,Pass
STU01009,24,Female,Electronics,6,Lower-Middle,0,0,0,6.89,64.9,7.3,50.1,74.2,5,6.4,2.6,0,8.2,3.2,2,5.54,D,Pass
STU01010,20,Female,Business,8,Upper-Middle,1,1,1,7.81,70.9,16.5,60.8,100.0,1,6.3,3.5,3,5.9,3.7,2,8.08,A,Pass
STU01011,20,Male,Electronics,5,High,1,0,0,7.88,63.9,16.4,59.4,100.0,2,8.1,4.5,3,8.8,2.1,0,8.19,A,Pass
STU01012,19,Female,Mechanical,8,High,1,0,1,5.8,64.6,9.1,56.0,64.7,2,6.5,3.8,3,7.1,2.9,0,5.52,D,Pass
STU01013,21,Female,Computer Science,2,Upper-Middle,1,0,1,8.5,93.1,10.2,52.3,83.5,1,8.4,3.3,4,7.0,2.9,2,7.59,B,Pass
STU01014,21,Male,Civil,8,Lower-Middle,1,0,0,8.67,82.4,10.6,85.2,83.5,2,6.7,4.6,5,6.6,4.6,2,8.02,A,Pass
STU01015,18,Male,Civil,4,Lower-Middle,1,0,1,5.73,57.9,8.8,65.6,62.0,2,6.8,5.6,0,6.8,2.3,0,6.1,C,Pass
STU01016,18,Male,Computer Science,8,High,1,1,0,6.13,66.8,7.8,64.5,62.0,1,7.2,2.7,2,6.5,5.6,1,6.1,C,Pass
STU01017,21,Male,Computer Science,4,Low,1,1,1,8.75,71.8,13.5,82.2,99.7,1,4.6,6.9,5,6.1,5.0,2,8.5,A,Pass
STU01018,23,Female,Civil,6,Upper-Middle,1,0,0,7.01,66.0,14.1,49.9,85.2,1,6.8,5.1,2,6.5,3.2,1,7.43,B,Pass
STU01019,22,Male,Civil,1,Upper-Middle,1,1,0,4.31,64.7,7.8,77.7,57.8,1,8.0,3.9,0,5.8,3.6,2,5.55,D,Pass
STU01020,20,Male,Electronics,7,Middle,1,0,0,5.38,57.5,11.9,44.9,77.9,3,7.4,4.4,1,8.8,4.3,1,5.88,D,Pass
STU01021,22,Female,Business,4,High,1,0,0,6.88,83.3,7.8,72.4,91.0,4,7.2,3.9,5,9.0,3.7,1,6.87,C,Pass
STU01022,20,Male,Computer Science,1,Lower-Middle,1,1,1,5.69,67.9,7.3,48.0,63.6,2,6.9,4.0,4,5.7,4.9,1,5.29,D,Pass
STU01023,21,Male,Electronics,5,Lower-Middle,1,0,0,6.66,74.0,12.6,64.5,87.4,2,8.1,5.7,2,7.8,2.0,2,7.56,B,Pass
STU01024,18,Male,Business,2,Low,1,1,1,7.24,74.0,12.8,68.3,77.8,0,5.0,4.9,5,5.4,6.1,1,7.47,B,Pass
STU01025,23,Male,Electronics,5,Middle,1,0,0,9.1,91.7,19.8,73.5,100.0,0,8.3,1.9,5,6.7,3.5,1,9.18,A+,Pass
STU01026,18,Female,Mechanical,6,Lower-Middle,1,0,1,6.82,80.4,11.9,75.4,87.5,1,4.1,5.5,3,5.9,7.9,1,7.49,B,Pass
STU01027,22,Male,Electronics,8,Lower-Middle,1,0,0,8.59,85.7,19.7,72.4,100.0,2,8.6,4.0,1,8.0,2.6,2,9.02,A+,Pass
STU01028,18,Male,Electronics,8,Upper-Middle,1,0,0,9.06,89.8,16.7,68.7,100.0,0,6.9,5.1,3,7.5,6.0,1,9.64,A+,Pass
STU01029,21,Female,Business,3,High,1,0,0,9.06,83.6,18.3,64.5,95.8,1,7.1,2.9,1,7.7,3.6,1,9.25,A+,Pass
STU01030,23,Male,Electronics,3,Lower-Middle,1,1,1,7.57,82.2,11.2,77.4,68.0,3,6.3,6.9,1,7.1,2.3,1,6.54,C,Pass
STU01031,22,Female,Business,3,Middle,0,1,0,4.65,60.5,6.3,49.8,52.4,4,6.0,3.5,4,5.3,10.0,0,3.58,F,Fail
STU01032,23,Male,Computer Science,5,High,1,1,0,7.8,79.0,15.3,76.6,100.0,2,7.3,5.1,5,5.9,2.1,0,7.61,B,Pass
STU01033,20,Male,Computer Science,4,Low,1,0,0,8.56,80.6,19.0,80.6,96.2,0,8.2,8.8,3,7.4,1.0,1,9.52,A+,Pass
STU01034,18,Female,Computer Science,2,Low,1,0,1,7.09,71.8,13.4,46.4,88.7,3,8.5,5.8,3,6.7,1.0,1,7.28,B,Pass
STU01035,23,Female,Civil,3,Lower-Middle,1,0,0,9.47,81.8,15.7,80.4,100.0,0,7.2,5.9,2,7.1,7.7,2,9.44,A+,Pass
STU01036,19,Female,Electronics,6,Middle,1,0,0,8.32,85.3,17.8,91.8,93.0,1,4.8,6.9,5,6.2,8.0,2,8.6,A,Pass
STU01037,18,Male,Business,6,Lower-Middle,1,0,0,7.94,90.2,6.3,76.6,92.2,3,9.5,2.3,0,8.3,2.4,2,7.57,B,Pass
STU01038,20,Male,Mechanical,3,High,1,1,1,8.61,92.4,10.0,81.4,59.8,0,5.4,2.1,0,7.1,4.7,1,7.17,B,Pass
STU01039,23,Female,Business,8,Middle,1,0,1,7.63,68.1,14.3,71.2,74.0,4,5.8,6.7,2,8.2,3.7,2,6.78,C,Pass
STU01040,22,Male,Computer Science,3,Middle,1,0,0,4.0,70.3,5.0,59.4,36.9,0,5.8,2.4,1,7.7,1.0,0,4.65,F,Fail
STU01041,20,Male,Business,2,Lower-Middle,1,0,0,6.55,70.2,11.9,63.9,66.5,4,6.5,1.9,2,5.9,6.7,0,5.67,D,Pass
STU01042,19,Male,Civil,3,Middle,1,0,0,8.76,88.6,14.7,60.0,99.1,2,5.5,6.2,2,6.5,6.4,0,8.63,A,Pass
STU01043,23,Male,Civil,2,Upper-Middle,1,0,0,6.15,63.5,11.0,59.5,73.3,3,4.2,4.4,3,6.3,3.1,1,5.81,D,Pass
STU01044,24,Female,Business,6,Upper-Middle,1,1,0,6.91,75.7,8.4,70.4,77.3,1,6.8,6.1,2,5.9,4.9,1,6.38,C,Pass
STU01045,24,Male,Civil,3,Upper-Middle,1,0,1,5.84,71.7,10.4,68.2,73.2,2,5.4,4.5,1,8.1,3.4,1,6.36,C,Pass
STU01046,21,Female,Mechanical,5,Middle,1,1,0,9.52,75.7,19.0,76.1,97.5,1,8.8,4.9,0,4.7,4.2,1,9.26,A+,Pass
STU01047,18,Male,Computer Science,7,High,1,0,1,9.39,91.8,19.4,67.3,94.2,3,6.8,4.1,4,6.4,3.1,1,8.4,A,Pass
STU01048,22,Female,Computer Science,5,Upper-Middle,1,0,0,6.05,81.0,15.1,63.3,78.5,1,5.5,7.4,5,6.6,4.2,1,7.64,B,Pass
STU01049,21,Female,Business,6,Upper-Middle,1,0,1,7.39,75.6,12.5,84.3,75.8,1,9.3,4.7,2,5.7,3.0,1,7.48,B,Pass
STU01050,23,Male,Mechanical,2,Low,1,1,0,6.32,82.5,10.5,68.0,55.4,1,7.8,2.8,5,6.4,5.4,0,5.99,D,Pass
STU01051,24,Female,Civil,5,Low,1,1,0,8.0,78.5,8.4,69.1,91.8,1,10.0,2.4,2,5.9,3.4,0,7.1,B,Pass
STU01052,24,Female,Mechanical,2,Lower-Middle,1,0,0,7.86,86.1,11.1,71.0,98.2,1,4.4,6.3,5,8.1,2.8,1,8.23,A,Pass
STU01053,24,Female,Computer Science,5,Upper-Middle,1,0,0,8.26,63.5,12.9,49.9,100.0,0,6.5,5.6,3,6.7,4.0,0,8.68,A,Pass
STU01054,23,Female,Computer Science,5,Middle,1,0,0,7.63,97.5,15.4,94.7,89.4,1,8.6,7.3,3,7.5,2.7,1,9.03,A+,Pass
STU01055,24,Female,Civil,2,Middle,1,0,1,10.0,100.0,15.2,74.7,100.0,1,8.0,5.9,5,7.1,3.0,2,9.35,A+,Pass
STU01056,20,Female,Electronics,4,High,1,1,1,5.86,67.0,11.1,49.0,81.9,0,5.8,3.1,2,4.0,6.9,1,6.46,C,Pass
STU01057,23,Male,Computer Science,5,High,1,0,0,4.98,49.1,6.9,45.0,49.7,3,7.3,5.8,2,5.6,4.0,1,4.64,F,Fail
STU01058,22,Male,Mechanical,3,High,0,0,0,6.69,75.7,9.8,45.4,84.4,2,7.5,3.4,1,7.4,2.5,2,6.98,C,Pass
STU01059,21,Male,Computer Science,7,Lower-Middle,1,0,0,5.16,54.3,8.1,46.0,61.7,2,3.2,4.6,0,7.3,2.6,1,4.63,F,Fail
STU01060,22,Male,Mechanical,6,Upper-Middle,1,0,0,5.26,69.9,6.3,52.2,66.8,2,5.2,4.5,0,6.9,4.3,0,5.82,D,Pass
STU01061,19,Male,Electronics,4,Lower-Middle,1,0,0,5.9,72.8,7.5,69.8,66.1,1,4.9,3.3,4,8.3,5.4,1,6.08,C,Pass
STU01062,24,Male,Civil,2,Lower-Middle,1,0,1,6.0,62.5,3.9,50.8,73.6,0,5.9,0.5,0,7.5,3.5,1,6.36,C,Pass
STU01063,19,Female,Electronics,4,Lower-Middle,1,1,1,5.96,78.8,8.2,76.1,67.7,1,8.4,2.4,4,7.8,2.1,1,6.57,C,Pass
STU01064,18,Male,Mechanical,1,Lower-Middle,1,1,1,7.87,85.8,11.3,85.5,69.7,2,6.7,5.4,3,4.0,4.4,2,7.24,B,Pass
STU01065,18,Male,Computer Science,1,Middle,1,0,0,6.54,80.5,8.5,76.1,85.1,0,6.6,4.4,4,8.7,1.0,0,7.33,B,Pass
STU01066,19,Female,Computer Science,5,Upper-Middle,1,1,1,6.97,74.9,12.2,62.8,68.9,4,5.3,6.6,4,5.6,6.8,1,6.17,C,Pass
STU01067,23,Male,Electronics,5,Low,1,0,1,8.36,70.5,15.7,63.7,100.0,0,7.7,7.4,0,7.0,4.2,1,8.48,A,Pass
STU01068,22,Female,Mechanical,3,Upper-Middle,1,0,0,6.2,78.8,10.1,52.1,68.9,4,8.8,2.6,2,8.2,3.6,2,5.95,D,Pass
STU01069,19,Male,Mechanical,7,Middle,1,0,0,6.86,72.1,13.7,61.9,91.0,3,6.6,7.3,3,4.9,5.5,2,6.84,C,Pass
STU01070,18,Female,Electronics,6,Lower-Middle,1,0,1,7.68,67.3,14.1,51.8,97.6,1,8.7,3.7,1,6.7,2.1,1,7.95,B,Pass
STU01071,19,Female,Civil,4,Middle,1,0,0,4.68,74.2,5.5,71.5,56.3,1,5.9,3.5,4,8.0,3.0,0,5.79,D,Pass
STU01072,23,Male,Business,1,Lower-Middle,1,0,0,4.1,77.3,3.8,92.1,50.5,1,4.8,5.8,4,6.4,4.0,1,5.06,D,Pass
STU01073,19,Male,Civil,5,Middle,1,0,0,7.65,77.9,13.2,71.8,89.3,1,8.1,5.4,5,7.9,2.2,0,8.48,A,Pass
STU01074,22,Female,Computer Science,8,Middle,1,1,0,7.84,96.5,14.4,58.0,67.9,2,7.7,2.7,4,6.9,3.0,1,7.17,B,Pass
STU01075,21,Female,Mechanical,8,Lower-Middle,1,0,0,9.88,90.1,21.0,70.5,100.0,2,6.6,6.8,2,7.2,5.4,1,9.43,A+,Pass
STU01076,23,Female,Computer Science,6,Low,1,0,1,7.41,74.0,15.4,65.6,74.5,0,6.8,8.9,1,7.6,6.4,2,8.51,A,Pass
STU01077,18,Female,Computer Science,4,Middle,1,0,1,8.27,76.3,11.9,66.6,90.1,0,4.4,4.3,5,8.3,2.4,1,8.15,A,Pass
STU01078,22,Male,Business,5,High,1,0,1,6.95,87.8,10.6,65.4,64.8,1,4.8,6.2,0,7.6,3.8,1,6.88,C,Pass
STU01079,19,Male,Computer Science,5,Lower-Middle,1,0,0,7.59,71.7,14.2,65.5,73.9,2,6.7,3.8,3,7.9,3.6,0,7.21,B,Pass
STU01080,19,Male,Mechanical,1,Upper-Middle,1,1,1,9.37,92.7,18.9,63.2,100.0,0,8.3,6.1,2,5.3,2.9,0,9.46,A+,Pass
STU01081,21,Female,Mechanical,1,Upper-Middle,1,0,0,4.44,57.7,8.7,45.2,64.6,2,8.0,3.3,1,7.6,3.1,0,4.91,F,Fail
STU01082,18,Female,Civil,5,High,1,0,0,7.74,75.0,12.3,71.5,84.6,2,8.1,7.6,3,7.5,3.6,2,8.32,A,Pass
STU01083,18,Male,Mechanical,2,Upper-Middle,0,0,0,9.98,98.1,13.2,68.7,100.0,0,8.9,4.5,0,8.1,2.4,0,9.42,A+,Pass
STU01084,20,Male,Computer Science,5,Middle,1,0,0,7.57,74.8,9.1,70.3,77.0,1,8.6,0.9,3,5.8,4.8,2,6.54,C,Pass
STU01085,18,Male,Electronics,6,Upper-Middle,0,0,0,9.35,83.5,16.5,56.4,100.0,1,7.9,9.5,5,8.1,2.8,1,9.14,A+,Pass
STU01086,21,Male,Mechanical,5,High,0,0,0,6.38,81.0,10.8,86.2,65.2,0,6.5,4.6,4,6.1,1.0,1,7.24,B,Pass
STU01087,24,Female,Computer Science,3,Middle,1,0,0,7.16,88.6,8.0,65.4,84.8,1,8.8,4.4,4,9.3,1.0,1,7.63,B,Pass
STU01088,20,Female,Electronics,7,Lower-Middle,1,0,0,7.24,81.4,11.6,66.6,77.4,2,8.4,2.1,2,6.1,6.0,1,6.91,C,Pass
STU01089,20,Female,Computer Science,3,Low,1,0,1,4.32,56.3,7.5,57.1,47.4,1,5.8,3.6,3,5.8,5.5,1,4.6,F,Fail
STU01090,19,Male,Computer Science,3,Upper-Middle,1,1,0,5.68,64.3,4.9,52.9,59.6,2,4.4,2.5,4,5.9,1.0,1,5.09,D,Pass
STU01091,19,Male,Electronics,2,Upper-Middle,1,0,1,5.77,69.5,11.9,63.1,62.5,1,3.8,3.1,2,8.0,1.8,1,6.45,C,Pass
STU01092,18,Female,Computer Science,2,Low,1,1,0,8.27,83.9,12.4,76.1,92.3,5,8.5,5.7,2,6.6,4.6,2,7.17,B,Pass
STU01093,20,Female,Mechanical,8,Middle,1,1,0,8.33,73.8,17.4,73.9,90.2,0,7.4,3.7,5,7.9,2.2,1,9.46,A+,Pass
STU01094,19,Female,Civil,5,Middle,1,0,1,7.62,83.9,10.6,78.2,86.4,0,8.1,2.7,2,6.7,1.0,1,8.44,A,Pass
STU01095,21,Female,Business,3,Low,1,0,0,8.27,82.0,10.5,67.5,98.9,2,8.4,6.0,0,6.5,5.2,1,7.95,B,Pass
STU01096,19,Male,Computer Science,2,High,1,0,0,6.99,61.2,9.6,55.3,68.2,5,4.7,2.8,4,6.3,5.9,0,4.68,F,Fail
STU01097,23,Female,Computer Science,1,Lower-Middle,1,0,1,8.76,76.4,14.2,89.3,93.9,0,4.0,4.5,4,6.5,3.7,0,8.64,A,Pass
STU01098,23,Male,Computer Science,5,Low,1,0,0,7.21,72.0,10.3,72.7,82.6,2,7.4,4.2,1,5.6,6.3,0,7.09,B,Pass
STU01099,19,Male,Mechanical,6,Middle,1,1,1,7.28,75.8,10.9,56.3,74.9,3,8.6,3.7,0,5.6,2.9,1,6.74,C,Pass
STU01100,20,Male,Civil,7,Upper-Middle,1,1,0,6.85,89.4,11.7,74.6,81.5,2,8.0,5.5,4,5.0,3.7,1,6.67,C,Pass
STU01101,24,Male,Computer Science,4,Low,0,0,0,8.09,82.4,12.7,66.1,93.5,1,4.9,5.1,5,7.7,3.2,2,7.98,B,Pass
STU01102,24,Female,Business,5,Upper-Middle,1,0,0,6.65,66.5,10.1,58.6,84.2,0,6.7,1.8,4,8.5,1.0,2,7.08,B,Pass
STU01103,20,Male,Computer Science,4,Middle,0,0,0,8.47,84.1,8.8,58.2,80.3,1,5.5,2.5,1,7.2,4.6,0,7.64,B,Pass
STU01104,22,Male,Mechanical,3,Low,1,1,1,5.73,65.8,9.6,55.4,56.0,3,4.0,2.6,3,5.5,6.3,1,4.79,F,Fail
STU01105,24,Female,Civil,7,Lower-Middle,1,0,1,5.77,71.5,8.3,81.0,61.0,3,6.6,2.8,3,7.7,2.7,2,5.02,D,Pass
STU01106,23,Male,Business,4,Middle,1,0,0,8.09,85.1,18.0,76.9,84.7,0,7.5,6.6,0,7.0,4.6,1,8.91,A,Pass
STU01107,21,Male,Civil,3,Lower-Middle,1,1,0,7.08,85.1,8.4,46.1,80.3,2,7.1,4.0,2,7.2,1.2,1,6.15,C,Pass
STU01108,20,Female,Business,1,High,1,0,1,6.61,72.9,4.8,75.9,55.0,2,7.3,0.0,1,6.1,5.2,2,5.58,D,Pass
STU01109,18,Male,Electronics,4,Upper-Middle,1,1,0,8.36,94.9,15.6,87.8,100.0,1,6.6,7.2,1,5.3,5.3,0,9.6,A+,Pass
STU01110,23,Male,Business,7,High,1,0,0,6.41,79.3,10.9,64.0,85.3,3,7.1,4.1,4,7.7,2.2,2,7.19,B,Pass
STU01111,21,Male,Computer Science,8,Lower-Middle,1,0,0,6.94,69.0,7.9,68.6,73.1,0,5.7,1.7,5,7.0,4.7,1,6.73,C,Pass
STU01112,21,Male,Business,5,High,0,1,0,9.02,100.0,10.4,71.4,100.0,0,7.6,5.6,4,7.1,2.1,1,8.72,A,Pass
STU01113,20,Female,Mechanical,3,Middle,1,0,1,9.2,88.6,20.0,68.5,89.3,0,7.8,3.8,5,6.1,5.6,1,9.56,A+,Pass
STU01114,21,Female,Business,5,Lower-Middle,1,0,1,9.24,79.5,19.7,82.7,100.0,1,8.6,4.6,1,7.4,3.8,2,9.62,A+,Pass
STU01115,20,Female,Mechanical,7,Low,1,0,0,6.83,87.4,3.2,69.7,60.6,1,7.8,5.2,2,7.5,3.7,1,6.3,C,Pass
STU01116,24,Female,Mechanical,2,Low,1,0,0,8.8,100.0,13.2,61.3,93.1,1,8.9,5.2,3,5.5,3.3,1,8.52,A,Pass
STU01117,19,Female,Mechanical,3,Upper-Middle,1,0,0,5.97,69.6,13.9,61.1,53.9,2,6.5,4.1,0,7.0,5.0,2,5.69,D,Pass
STU01118,23,Male,Civil,4,Middle,1,0,0,6.02,66.1,7.6,58.9,70.2,0,7.0,3.4,5,5.0,6.7,2,6.24,C,Pass
STU01119,22,Female,Computer Science,3,Lower-Middle,1,0,0,4.14,59.3,3.8,67.6,34.7,2,7.5,1.9,3,8.5,5.1,2,3.95,F,Fail
STU01120,19,Female,Computer Science,5,Middle,1,0,1,9.37,92.6,14.9,75.7,100.0,0,10.0,5.5,0,5.7,2.8,0,9.62,A+,Pass
STU01121,23,Female,Computer Science,1,Lower-Middle,1,1,0,6.08,80.6,5.8,64.1,58.1,2,8.8,3.5,2,6.0,5.0,2,5.91,D,Pass
STU01122,20,Female,Computer Science,3,Middle,1,1,0,7.04,79.7,6.0,78.3,60.7,2,6.9,2.5,1,6.2,6.3,1,5.75,D,Pass
STU01123,23,Male,Business,4,Middle,0,0,0,6.02,70.9,12.2,63.7,62.7,1,8.3,5.2,2,6.0,3.5,1,6.66,C,Pass
STU01124,24,Male,Computer Science,2,Upper-Middle,1,0,0,8.1,92.5,7.7,68.0,84.3,3,8.4,3.1,5,8.8,4.3,2,7.61,B,Pass
STU01125,20,Male,Business,8,Upper-Middle,1,0,0,6.71,71.1,11.2,74.2,62.3,3,5.6,3.1,1,6.3,4.8,1,6.07,C,Pass
STU01126,19,Male,Electronics,6,Middle,1,0,1,5.5,75.8,10.7,67.4,57.3,1,7.6,2.5,4,6.7,2.1,1,6.4,C,Pass
STU01127,18,Female,Computer Science,1,Middle,1,1,0,7.77,76.6,8.2,66.0,86.7,2,5.1,5.4,0,5.5,4.1,1,6.99,C,Pass
STU01128,18,Female,Civil,8,Middle,1,1,1,5.34,70.1,4.9,63.9,82.6,3,7.4,3.4,4,5.5,2.3,2,5.55,D,Pass
STU01129,23,Male,Civil,2,Upper-Middle,1,0,0,6.11,69.6,12.9,51.1,77.1,3,9.1,6.4,1,6.9,3.1,1,6.8,C,Pass
STU01130,18,Male,Mechanical,3,Lower-Middle,1,0,0,4.46,61.9,7.5,51.8,43.5,2,7.3,3.3,0,7.7,2.9,1,5.17,D,Pass
STU01131,20,Male,Mechanical,5,Lower-Middle,1,0,0,5.35,63.7,5.8,58.3,54.1,3,8.0,3.1,0,7.2,3.6,1,5.16,D,Pass
STU01132,21,Male,Civil,7,Low,1,0,0,7.43,87.9,15.5,70.8,86.3,2,6.8,5.4,4,6.2,6.2,1,7.64,B,Pass
STU01133,20,Male,Computer Science,5,Middle,1,0,0,4.65,57.4,9.9,67.1,53.6,3,6.6,5.7,0,7.0,3.8,2,4.96,F,Fail
STU01134,21,Male,Business,8,Middle,0,1,0,5.27,60.5,8.4,58.4,69.3,2,7.1,3.0,1,4.8,4.6,0,5.19,D,Pass
STU01135,19,Female,Business,4,Upper-Middle,1,1,1,7.2,93.0,8.7,84.3,78.2,2,7.2,2.1,5,7.4,3.1,1,7.35,B,Pass
STU01136,22,Male,Civil,5,Lower-Middle,0,0,1,6.49,80.3,8.7,68.3,79.5,1,8.0,4.4,5,6.5,1.0,2,6.87,C,Pass
STU01137,21,Male,Computer Science,1,Middle,1,0,0,9.79,69.9,17.4,72.5,100.0,0,7.2,6.0,1,6.5,4.9,1,8.98,A,Pass
STU01138,18,Female,Civil,5,Upper-Middle,1,1,0,9.58,83.4,15.6,74.0,100.0,1,8.2,6.1,4,4.3,4.8,1,9.06,A+,Pass
STU01139,20,Male,Computer Science,4,Upper-Middle,1,0,0,6.07,55.9,12.0,53.7,69.3,6,4.2,5.7,2,6.5,5.0,0,4.85,F,Fail
STU01140,19,Female,Computer Science,6,Middle,1,0,0,7.92,72.0,8.3,63.1,71.6,0,8.5,2.6,1,8.7,1.9,2,7.85,B,Pass
STU01141,18,Female,Electronics,3,Middle,1,0,0,8.17,55.8,8.9,43.9,100.0,1,6.5,3.3,5,7.6,3.7,1,6.63,C,Pass
STU01142,19,Male,Mechanical,7,Lower-Middle,1,1,1,6.42,71.0,10.4,67.7,53.6,3,6.4,3.7,1,7.3,1.7,1,5.76,D,Pass
STU01143,22,Male,Business,8,High,1,0,0,5.26,57.1,6.0,53.9,49.9,1,5.7,4.7,0,7.1,4.0,1,4.92,F,Fail
STU01144,24,Male,Civil,3,Low,1,0,0,7.18,76.4,9.5,60.8,70.6,1,6.8,3.9,0,4.4,4.4,1,6.89,C,Pass
STU01145,20,Male,Civil,5,High,1,1,0,6.98,61.9,5.6,68.2,95.7,1,4.9,2.9,1,6.3,4.8,2,6.47,C,Pass
STU01146,23,Male,Electronics,2,Upper-Middle,1,1,0,6.63,73.8,10.3,51.8,91.5,0,8.5,2.4,4,6.4,2.1,2,7.18,B,Pass
STU01147,20,Female,Electronics,3,Middle,1,1,1,7.78,75.6,12.4,61.1,100.0,1,8.2,5.8,2,7.1,4.0,1,8.32,A,Pass
STU01148,22,Male,Electronics,6,Low,1,0,0,6.22,83.1,11.4,80.2,68.2,2,8.7,5.1,0,7.0,3.2,1,7.27,B,Pass
STU01149,20,Male,Business,5,Middle,1,0,0,5.7,79.8,8.6,71.0,88.2,1,9.3,2.3,5,6.2,1.5,2,7.03,B,Pass
STU01150,23,Male,Computer Science,7,Middle,1,1,1,7.34,83.0,11.3,69.3,84.0,2,7.4,7.3,0,6.1,5.5,1,7.23,B,Pass
STU01151,21,Female,Business,4,Lower-Middle,1,1,0,7.7,75.9,15.9,68.0,98.5,0,4.3,6.3,5,5.9,4.4,0,8.64,A,Pass
STU01152,19,Male,Mechanical,6,Upper-Middle,1,0,1,5.67,84.2,4.4,72.3,60.4,1,8.2,1.4,2,7.5,2.5,2,6.34,C,Pass
STU01153,23,Male,Electronics,5,High,1,0,0,8.41,69.6,15.4,46.6,93.3,1,7.4,5.6,0,6.9,4.8,1,8.36,A,Pass
STU01154,18,Male,Civil,6,Middle,1,1,0,4.9,53.3,1.8,48.5,46.8,1,8.0,1.0,4,5.2,6.1,1,3.96,F,Fail
STU01155,22,Female,Mechanical,3,Upper-Middle,1,1,1,6.45,71.6,7.4,79.1,66.3,1,8.2,5.5,5,6.8,2.8,0,6.35,C,Pass
STU01156,21,Male,Business,7,Low,1,0,0,6.86,92.4,7.1,68.8,77.5,4,7.8,4.5,0,6.3,4.1,2,6.81,C,Pass
STU01157,18,Female,Business,4,Middle,1,0,0,6.37,70.2,12.1,59.0,77.2,0,6.3,5.3,0,6.7,5.1,1,7.22,B,Pass
STU01158,18,Female,Electronics,5,Low,1,0,0,6.47,70.9,9.7,57.1,71.1,1,8.0,6.5,1,6.5,5.6,2,6.39,C,Pass
STU01159,22,Male,Electronics,1,Middle,1,0,0,9.63,76.6,16.2,65.1,100.0,0,2.8,4.3,4,7.2,4.9,2,8.79,A,Pass
STU01160,21,Female,Mechanical,8,High,0,0,1,6.09,78.0,5.9,61.0,34.1,0,7.3,3.9,4,5.6,5.2,2,5.39,D,Pass
STU01161,24,Male,Business,4,Upper-Middle,1,0,1,10.0,97.6,16.1,83.4,100.0,0,9.3,6.7,1,7.0,1.6,2,10.0,A+,Pass
STU01162,18,Female,Computer Science,1,Low,1,0,1,7.77,85.2,10.2,73.1,89.6,1,7.1,3.7,5,8.1,1.0,0,7.9,B,Pass
STU01163,18,Female,Mechanical,6,Middle,1,0,1,7.32,71.6,12.8,70.7,93.4,2,6.0,4.5,3,7.1,4.8,2,7.76,B,Pass
STU01164,21,Female,Mechanical,2,Middle,1,0,0,7.82,73.4,9.7,53.6,81.5,2,7.1,5.3,2,6.3,2.9,0,7.19,B,Pass
STU01165,20,Male,Civil,4,Middle,1,1,0,10.0,79.7,21.0,64.4,100.0,0,9.0,8.6,4,5.8,2.4,2,10.0,A+,Pass
STU01166,18,Female,Computer Science,6,Upper-Middle,1,0,0,5.91,70.2,3.8,59.9,69.7,2,7.2,0.0,3,7.3,4.4,1,5.8,D,Pass
STU01167,19,Male,Civil,1,Upper-Middle,1,0,0,5.74,60.1,6.1,60.6,76.1,1,5.0,5.5,5,7.6,3.7,1,6.03,C,Pass
STU01168,21,Male,Business,3,Middle,1,1,0,6.22,61.7,14.5,49.1,72.1,3,7.9,7.1,2,7.7,3.3,0,6.74,C,Pass
STU01169,18,Male,Computer Science,3,Middle,1,0,1,7.24,72.8,10.2,72.8,80.8,4,8.8,3.6,4,5.4,2.2,2,6.69,C,Pass
STU01170,22,Female,Computer Science,2,Lower-Middle,1,1,0,4.96,60.9,3.0,68.4,68.0,0,4.8,0.7,0,6.5,3.3,0,5.98,D,Pass
STU01171,23,Female,Business,8,Low,1,1,0,7.23,71.8,12.1,53.2,59.1,0,10.0,6.3,4,6.4,5.6,1,6.89,C,Pass
STU01172,19,Male,Computer Science,4,Middle,0,0,0,9.4,90.7,14.4,69.5,93.6,2,7.5,6.1,2,6.9,2.6,2,8.75,A,Pass
STU01173,23,Male,Business,4,Middle,1,1,1,7.4,77.6,9.3,61.3,93.0,2,8.3,4.9,3,6.6,3.3,1,7.07,B,Pass
STU01174,23,Male,Mechanical,4,Upper-Middle,1,0,1,6.82,71.8,7.4,89.4,82.3,1,7.7,4.1,0,6.8,4.0,0,6.98,C,Pass
STU01175,18,Female,Computer Science,8,Upper-Middle,1,0,1,6.4,73.4,18.1,59.8,86.1,3,5.6,8.3,2,6.0,3.1,1,7.12,B,Pass
STU01176,19,Male,Business,6,Low,0,0,0,8.37,73.9,13.0,81.1,86.0,0,6.0,6.2,5,7.2,5.9,0,8.49,A,Pass
STU01177,19,Female,Electronics,7,Middle,1,0,1,6.13,71.5,3.5,50.2,52.4,3,6.7,1.2,2,7.6,3.4,1,4.85,F,Fail
STU01178,20,Male,Mechanical,7,Lower-Middle,1,1,0,9.6,89.2,20.7,63.6,100.0,1,4.7,6.3,4,6.2,4.6,2,8.44,A,Pass
STU01179,23,Female,Electronics,2,Lower-Middle,1,0,1,9.71,76.5,18.3,59.1,100.0,0,8.1,7.0,5,8.1,4.3,1,9.54,A+,Pass
STU01180,19,Male,Mechanical,4,Upper-Middle,0,0,0,7.53,85.6,9.8,62.9,73.7,2,4.4,7.4,1,6.8,6.0,1,6.42,C,Pass
STU01181,20,Male,Computer Science,6,Low,1,0,0,7.19,68.9,8.6,58.6,76.8,3,6.5,3.3,1,7.5,6.5,1,5.96,D,Pass
STU01182,21,Male,Electronics,3,Middle,1,0,0,8.54,83.4,16.1,63.0,88.1,1,6.2,6.4,0,5.4,4.2,2,8.64,A,Pass
STU01183,20,Female,Business,1,Lower-Middle,1,0,1,8.62,92.4,13.5,67.3,100.0,0,8.5,6.4,2,9.2,5.2,1,8.74,A,Pass
STU01184,22,Female,Electronics,6,High,1,0,0,6.15,78.2,3.5,78.5,56.1,1,3.6,1.4,3,6.8,5.8,1,5.04,D,Pass
STU01185,24,Male,Civil,8,Middle,1,1,1,6.52,72.9,15.4,75.9,77.6,4,4.1,6.8,0,5.7,7.9,1,5.7,D,Pass
STU01186,18,Female,Electronics,7,Lower-Middle,1,0,0,5.48,64.5,6.7,68.2,43.0,2,5.3,3.0,5,6.7,5.8,2,4.65,F,Fail
STU01187,21,Female,Civil,7,Middle,0,1,0,7.73,86.2,17.0,77.0,74.1,4,8.1,8.0,0,5.3,3.5,2,6.74,C,Pass
STU01188,24,Female,Computer Science,3,Upper-Middle,0,0,0,8.07,85.7,17.0,72.4,93.0,3,7.6,4.7,4,5.8,3.0,1,7.49,B,Pass
STU01189,24,Female,Business,3,High,1,1,0,5.45,62.3,4.9,52.4,44.2,1,7.7,5.9,5,6.2,1.2,1,5.05,D,Pass
STU01190,21,Male,Mechanical,8,Lower-Middle,1,1,0,6.61,66.7,13.3,50.5,97.9,2,6.5,4.5,3,6.3,1.2,1,7.23,B,Pass
STU01191,22,Male,Computer Science,1,High,1,0,0,5.45,50.7,5.9,54.0,38.1,3,5.5,3.6,2,7.2,3.1,1,3.91,F,Fail
STU01192,20,Female,Computer Science,3,High,1,0,1,6.03,71.4,3.5,51.1,52.4,3,5.0,2.0,5,7.0,6.2,1,4.62,F,Fail
STU01193,18,Female,Computer Science,2,High,1,1,0,7.92,78.9,11.6,57.4,85.4,2,6.6,2.8,2,6.1,3.6,1,7.16,B,Pass
STU01194,20,Female,Mechanical,1,Middle,0,0,1,6.25,80.3,10.7,79.7,67.1,0,7.0,5.5,2,5.8,3.4,0,7.15,B,Pass
STU01195,19,Male,Electronics,3,Middle,1,1,0,6.81,76.9,9.2,85.2,62.5,1,3.8,3.4,0,5.7,6.5,2,5.88,D,Pass
STU01196,20,Male,Business,5,Middle,0,0,1,5.08,76.1,6.2,69.6,46.6,1,5.5,3.7,4,7.2,2.8,0,5.86,D,Pass
STU01197,21,Female,Electronics,6,Upper-Middle,0,0,0,7.44,71.6,15.3,74.0,76.0,3,7.3,4.4,0,6.5,6.7,0,6.5,C,Pass
STU01198,18,Female,Computer Science,3,Middle,0,0,0,7.14,84.8,11.6,68.4,76.2,0,7.5,4.1,1,7.3,3.0,1,7.39,B,Pass
STU01199,20,Female,Mechanical,2,Upper-Middle,1,1,0,6.25,67.0,7.0,46.8,85.9,1,6.0,2.7,1,6.1,6.0,0,6.22,C,Pass
STU01200,18,Female,Civil,4,Middle,0,0,0,6.95,81.0,13.0,74.7,80.0,3,6.1,5.7,2,6.9,3.7,1,6.95,C,Pass
STU01201,18,Female,Computer Science,3,Upper-Middle,0,1,1,7.43,65.5,12.5,65.0,94.3,2,3.7,5.2,4,6.4,5.1,1,7.15,B,Pass
STU01202,19,Male,Computer Science,7,Upper-Middle,1,1,0,6.14,72.6,1.7,64.3,64.3,3,3.4,1.3,5,6.7,6.7,2,4.47,F,Fail
STU01203,19,Male,Computer Science,7,Low,1,0,0,5.28,50.5,8.8,47.9,72.0,2,5.1,3.1,2,7.7,4.2,2,4.95,F,Fail
STU01204,21,Female,Civil,7,Upper-Middle,1,0,1,9.55,85.6,17.3,81.0,77.1,0,9.5,6.7,5,9.0,4.0,2,8.86,A,Pass
STU01205,22,Female,Civil,4,Middle,1,1,0,6.38,75.4,9.8,55.4,67.7,0,6.8,4.2,2,7.1,2.5,0,7.23,B,Pass
STU01206,24,Male,Mechanical,7,Upper-Middle,0,0,1,7.07,71.2,13.8,55.0,94.3,2,8.1,5.3,0,5.5,2.3,2,7.31,B,Pass
STU01207,18,Male,Business,5,Middle,1,1,0,8.51,74.2,12.0,54.4,84.8,0,4.9,7.6,2,5.1,2.8,1,7.78,B,Pass
STU01208,22,Female,Business,3,Middle,1,0,1,10.0,96.8,18.0,78.9,100.0,0,8.3,7.2,2,6.7,5.4,1,10.0,A+,Pass
STU01209,24,Male,Mechanical,8,High,1,0,0,5.58,67.1,3.5,49.4,71.7,5,5.3,4.9,4,6.2,6.0,1,4.27,F,Fail
STU01210,24,Male,Business,7,Lower-Middle,1,1,0,7.78,75.0,13.8,58.2,82.1,2,5.6,5.0,4,6.6,4.0,1,7.18,B,Pass
STU01211,21,Female,Computer Science,1,Upper-Middle,1,0,0,6.28,71.7,15.4,56.0,71.7,1,7.7,5.6,5,7.5,3.6,2,6.8,C,Pass
STU01212,24,Female,Computer Science,8,Middle,0,0,1,6.5,93.6,7.0,73.5,58.3,0,7.5,2.3,4,6.5,5.4,1,6.11,C,Pass
STU01213,24,Female,Electronics,4,Middle,1,0,0,6.26,80.5,7.2,53.5,60.5,2,4.9,3.6,2,8.2,3.3,1,6.35,C,Pass
STU01214,18,Male,Computer Science,5,Lower-Middle,0,0,0,5.74,78.0,6.3,67.7,49.2,3,7.0,2.4,4,8.5,1.0,1,5.81,D,Pass
STU01215,18,Female,Mechanical,1,Middle,1,0,1,7.15,79.2,11.7,80.0,83.5,2,5.9,3.8,4,5.2,2.5,2,7.5,B,Pass
STU01216,23,Male,Business,1,Lower-Middle,1,1,1,5.28,67.7,4.4,62.0,41.0,2,4.2,0.0,3,4.8,4.2,2,4.41,F,Fail
STU01217,22,Male,Computer Science,1,Low,1,0,1,8.43,63.0,15.1,73.2,99.6,3,4.7,7.7,3,8.1,3.9,1,8.11,A,Pass
STU01218,20,Female,Computer Science,1,Lower-Middle,1,0,1,7.27,70.9,14.1,75.9,89.4,0,9.6,4.7,1,7.9,1.0,1,8.19,A,Pass
STU01219,19,Female,Mechanical,8,Low,1,0,0,7.75,74.9,14.1,72.7,70.3,1,8.6,7.4,0,7.5,4.5,2,7.82,B,Pass
STU01220,20,Female,Business,8,High,1,0,0,6.59,58.0,4.9,55.5,82.1,0,2.9,2.3,0,7.0,3.0,1,6.01,C,Pass
STU01221,22,Female,Electronics,3,High,1,0,1,6.72,64.4,13.4,58.8,83.0,4,5.9,6.0,4,6.9,3.0,1,5.65,D,Pass
STU01222,19,Female,Mechanical,7,Middle,1,1,1,7.57,62.0,15.0,64.9,94.0,0,5.9,5.6,1,6.7,1.4,1,8.39,A,Pass
STU01223,20,Male,Computer Science,6,Upper-Middle,1,1,0,5.69,68.1,10.9,57.0,58.9,1,6.0,4.9,1,6.4,3.7,0,6.05,C,Pass
STU01224,23,Male,Computer Science,3,Lower-Middle,1,0,0,6.73,80.2,11.6,49.3,82.0,1,6.0,3.0,5,8.3,3.2,1,6.67,C,Pass
STU01225,19,Male,Business,3,Upper-Middle,1,0,1,6.08,79.3,9.8,72.5,79.7,2,8.1,5.7,3,6.3,5.4,1,6.61,C,Pass
STU01226,18,Male,Business,5,Upper-Middle,1,0,0,6.04,73.5,12.2,52.8,70.0,0,8.1,4.1,1,7.0,3.5,1,7.23,B,Pass
STU01227,20,Female,Computer Science,5,High,1,0,0,4.46,54.6,11.7,43.1,77.7,3,7.3,5.9,2,7.9,4.2,2,5.55,D,Pass
STU01228,19,Male,Business,7,Middle,1,0,0,8.94,69.2,12.0,61.6,94.4,1,7.0,2.4,5,7.2,5.1,0,7.41,B,Pass
STU01229,23,Female,Mechanical,6,Upper-Middle,0,0,0,6.31,57.5,12.8,53.5,85.3,4,6.8,3.7,4,7.7,3.9,1,5.63,D,Pass
STU01230,24,Female,Business,5,Lower-Middle,1,0,1,8.71,73.4,14.2,49.9,97.6,0,6.2,5.8,2,7.7,2.2,0,9.14,A+,Pass
STU01231,19,Female,Mechanical,7,High,1,0,0,8.59,75.8,13.8,67.2,99.1,0,4.4,4.9,0,6.6,5.3,0,8.4,A,Pass
STU01232,19,Male,Mechanical,7,Low,1,0,1,5.53,66.4,3.4,69.5,39.6,3,3.9,2.7,3,6.0,7.5,1,4.32,F,Fail
STU01233,23,Female,Mechanical,8,Middle,1,1,0,5.79,60.8,7.7,45.2,67.2,2,4.8,3.6,2,5.5,4.8,2,5.7,D,Pass
STU01234,24,Male,Civil,2,Upper-Middle,1,0,0,10.0,92.7,14.0,88.4,97.5,0,7.3,7.9,4,5.9,5.1,1,9.45,A+,Pass
STU01235,20,Male,Computer Science,8,Upper-Middle,1,0,1,9.48,85.5,14.6,55.7,92.8,1,5.4,6.2,2,5.1,6.1,1,8.46,A,Pass
STU01236,21,Female,Computer Science,6,Low,1,0,0,7.16,75.9,8.0,86.7,92.3,2,5.1,2.8,2,8.1,3.1,0,6.56,C,Pass
STU01237,20,Male,Electronics,5,High,1,0,0,7.53,86.8,10.7,68.0,79.0,1,6.8,3.6,1,5.1,6.3,1,7.04,B,Pass
STU01238,24,Male,Civil,6,Lower-Middle,1,1,0,6.38,62.5,8.5,58.9,59.3,4,7.4,5.4,3,8.1,2.4,2,5.55,D,Pass
STU01239,22,Female,Computer Science,3,Middle,0,0,0,7.76,82.2,12.8,50.4,81.9,0,7.6,2.6,0,6.5,4.5,1,7.54,B,Pass
STU01240,23,Male,Civil,3,Lower-Middle,0,0,0,6.27,71.2,4.7,62.1,50.8,1,5.3,3.2,4,6.7,4.0,2,5.47,D,Pass
STU01241,20,Female,Business,6,Lower-Middle,1,0,1,4.56,60.1,1.8,58.4,60.9,0,6.1,0.0,5,5.5,5.0,2,5.05,D,Pass
STU01242,19,Female,Computer Science,2,Middle,1,1,1,5.48,74.5,9.0,63.8,55.8,2,4.7,5.4,5,6.6,6.0,1,5.51,D,Pass
STU01243,23,Female,Civil,2,Middle,1,0,1,7.23,83.2,9.1,64.3,82.0,4,5.9,3.1,4,6.7,1.3,1,6.57,C,Pass
STU01244,18,Male,Electronics,8,Lower-Middle,0,0,0,5.73,61.1,11.7,47.2,81.4,1,3.6,5.3,0,7.1,5.6,1,6.17,C,Pass
STU01245,24,Male,Business,6,Lower-Middle,1,0,0,7.11,74.1,11.9,75.8,74.2,4,7.3,4.6,4,6.2,5.1,2,6.24,C,Pass
STU01246,20,Female,Computer Science,5,Middle,1,0,0,5.8,71.3,10.4,63.1,72.3,1,6.1,2.0,1,7.5,2.8,0,6.12,C,Pass
STU01247,23,Male,Civil,8,Upper-Middle,1,0,0,6.18,68.7,13.6,76.6,63.5,1,6.2,6.0,5,6.2,4.4,1,7.11,B,Pass
STU01248,20,Female,Business,4,High,0,0,0,8.31,86.2,12.7,66.5,100.0,3,8.5,3.7,5,7.1,1.7,1,8.2,A,Pass
STU01249,23,Female,Business,2,Low,1,0,0,7.52,79.9,10.3,63.6,89.9,0,5.5,5.3,2,7.5,2.7,1,7.62,B,Pass
STU01250,19,Female,Civil,1,Middle,1,1,1,7.19,90.6,14.0,82.5,80.4,0,8.2,3.7,1,7.7,3.3,2,8.16,A,Pass
STU01251,18,Male,Mechanical,8,Low,1,0,0,8.34,69.5,15.2,45.5,85.3,2,9.5,5.9,5,7.8,6.4,1,7.26,B,Pass
STU01252,18,Male,Mechanical,3,Low,1,0,0,7.82,78.1,12.1,54.8,84.0,0,5.4,4.7,1,7.1,5.1,1,7.5,B,Pass
STU01253,22,Female,Business,8,Upper-Middle,1,0,1,9.08,78.1,19.3,77.9,100.0,0,4.6,5.9,1,7.0,3.2,1,9.49,A+,Pass
STU01254,23,Male,Mechanical,6,Middle,1,1,0,6.6,77.8,9.6,55.0,91.8,4,5.0,5.9,0,6.5,5.8,1,6.22,C,Pass
STU01255,20,Male,Computer Science,1,Lower-Middle,1,0,1,6.64,60.3,10.4,38.0,61.3,5,6.6,4.2,5,7.8,4.2,1,5.07,D,Pass
STU01256,18,Female,Business,6,Lower-Middle,0,1,1,5.51,70.3,8.1,80.9,63.1,1,9.1,2.8,3,5.5,1.4,1,5.81,D,Pass
STU01257,24,Female,Civil,7,Low,1,0,1,6.64,68.2,7.5,47.0,69.9,1,9.0,3.7,0,7.9,2.1,1,6.16,C,Pass
STU01258,18,Female,Civil,3,Upper-Middle,1,0,0,8.45,76.4,14.1,67.7,91.4,1,8.1,3.1,0,6.1,3.7,1,8.45,A,Pass
STU01259,21,Female,Computer Science,3,High,1,0,1,8.89,72.9,19.0,64.4,100.0,2,8.0,10.4,1,7.5,3.3,0,9.51,A+,Pass
STU01260,21,Male,Civil,2,Low,1,0,0,8.45,78.5,15.2,39.0,92.7,1,7.6,3.9,3,7.5,3.1,1,8.3,A,Pass
STU01261,18,Female,Electronics,8,Lower-Middle,1,1,1,4.87,73.0,6.8,61.1,63.9,3,7.7,3.9,0,5.5,4.6,2,4.99,F,Fail
STU01262,23,Female,Civil,2,High,1,1,0,8.61,82.8,13.7,74.2,99.4,1,7.6,5.2,3,4.7,3.5,2,8.82,A,Pass
STU01263,22,Male,Computer Science,1,High,1,0,0,4.81,69.1,7.6,65.0,59.8,1,5.3,5.1,5,6.7,3.9,1,5.29,D,Pass
STU01264,18,Male,Civil,8,Middle,1,0,0,8.37,95.2,16.0,86.1,63.8,2,10.0,6.1,1,4.4,4.0,1,8.31,A,Pass
STU01265,19,Female,Business,7,Low,1,1,0,6.72,75.7,12.3,61.6,79.5,1,8.8,3.7,0,6.0,5.5,2,6.84,C,Pass
STU01266,20,Female,Computer Science,6,Low,1,0,1,8.11,76.1,12.2,72.8,71.0,4,5.6,1.9,3,5.8,3.8,1,6.28,C,Pass
STU01267,22,Female,Business,7,Middle,1,0,1,5.47,71.1,8.9,55.8,68.9,2,7.5,1.0,4,10.0,1.4,2,5.91,D,Pass
STU01268,19,Female,Electronics,3,Middle,0,0,1,8.72,79.3,15.9,53.5,100.0,2,9.2,5.4,0,8.1,1.9,2,8.5,A,Pass
STU01269,22,Male,Business,1,Low,1,0,0,5.3,62.4,4.6,44.5,46.6,1,6.8,4.4,0,7.1,6.1,1,5.07,D,Pass
STU01270,19,Male,Civil,4,Middle,1,0,1,6.33,59.5,10.2,41.1,68.2,1,5.7,1.5,0,8.3,4.3,1,5.56,D,Pass
STU01271,20,Female,Mechanical,1,Low,0,0,0,5.9,76.9,2.3,76.2,52.0,2,9.0,4.5,3,7.7,1.3,0,5.37,D,Pass
STU01272,20,Female,Civil,5,Upper-Middle,1,0,1,4.92,61.5,8.3,41.8,69.7,4,6.5,5.1,2,5.8,5.2,0,4.83,F,Fail
STU01273,21,Female,Business,1,Lower-Middle,1,0,1,7.32,78.1,13.6,69.6,83.9,0,6.0,3.1,5,6.4,2.9,2,7.96,B,Pass
STU01274,23,Female,Electronics,7,Low,0,0,0,9.55,79.5,18.3,65.0,100.0,2,5.2,4.9,0,8.0,4.0,2,8.17,A,Pass
STU01275,19,Male,Electronics,5,Middle,1,0,1,10.0,93.5,15.8,75.1,100.0,0,3.3,4.3,4,6.0,7.4,0,8.85,A,Pass
STU01276,21,Male,Civil,5,Middle,1,1,0,7.33,70.5,12.6,76.0,84.1,0,9.5,5.2,4,6.6,1.0,1,7.51,B,Pass
STU01277,19,Female,Business,8,High,1,0,0,8.65,82.1,18.6,64.9,100.0,0,5.9,6.5,1,7.7,2.1,1,9.06,A+,Pass
STU01278,21,Female,Civil,8,Middle,1,0,0,7.5,84.5,16.2,76.8,95.7,0,8.7,5.7,2,6.7,3.6,1,8.7,A,Pass
STU01279,20,Female,Civil,5,Lower-Middle,0,1,0,7.85,85.6,12.6,71.7,68.5,4,5.9,4.0,2,6.4,3.8,1,6.57,C,Pass
STU01280,22,Female,Electronics,4,Upper-Middle,0,1,1,6.76,73.6,10.9,62.6,76.0,5,6.9,4.5,3,7.0,4.0,2,5.06,D,Pass
STU01281,24,Female,Business,8,Lower-Middle,1,0,0,7.45,63.1,15.2,80.9,85.2,3,6.8,6.8,1,7.8,3.2,0,7.64,B,Pass
STU01282,21,Male,Computer Science,1,High,1,0,0,7.9,100.0,8.3,65.6,88.4,1,6.1,3.3,3,7.4,1.2,0,7.7,B,Pass
STU01283,19,Male,Mechanical,7,Middle,1,1,0,6.45,86.2,8.9,84.6,68.4,1,8.7,2.7,1,6.2,4.6,0,6.67,C,Pass
STU01284,19,Male,Computer Science,1,Middle,0,1,1,7.1,81.3,15.2,75.3,72.7,2,6.8,7.0,5,6.8,1.9,1,7.6,B,Pass
STU01285,24,Female,Electronics,4,Low,1,1,1,7.12,69.6,14.2,57.0,82.1,1,7.3,4.9,2,4.2,5.6,1,7.48,B,Pass
STU01286,23,Male,Electronics,3,Middle,1,1,1,8.27,80.5,14.7,84.6,81.0,0,9.2,6.2,5,7.7,2.0,1,8.48,A,Pass
STU01287,20,Male,Electronics,2,Upper-Middle,1,0,1,5.81,64.7,4.1,40.4,40.2,1,7.3,2.1,3,6.9,7.3,1,4.4,F,Fail
STU01288,19,Female,Civil,7,Upper-Middle,1,0,0,7.13,85.8,11.1,66.2,85.7,1,7.1,6.0,1,6.3,3.9,2,7.48,B,Pass
STU01289,18,Male,Electronics,8,Lower-Middle,0,0,0,9.69,90.5,14.6,62.2,100.0,0,10.0,7.2,2,7.6,3.0,1,9.35,A+,Pass
STU01290,22,Female,Electronics,7,Lower-Middle,1,0,0,8.71,77.3,15.4,70.5,100.0,1,6.8,7.4,2,7.6,4.2,1,8.34,A,Pass
STU01291,21,Male,Computer Science,1,Upper-Middle,1,0,0,8.95,81.0,12.5,57.5,100.0,0,7.2,3.9,0,6.0,4.7,2,8.53,A,Pass
STU01292,23,Male,Electronics,2,High,1,0,1,7.23,85.1,8.4,75.4,69.3,3,7.0,2.7,3,7.1,3.6,2,6.25,C,Pass
STU01293,24,Female,Computer Science,6,Low,1,0,0,7.62,90.9,6.0,72.7,61.9,2,5.7,4.1,0,7.0,2.6,1,6.56,C,Pass
STU01294,22,Male,Computer Science,6,Middle,1,1,1,8.5,94.7,17.7,72.1,96.5,5,5.7,6.2,2,6.2,4.4,1,8.28,A,Pass
STU01295,20,Male,Mechanical,8,Lower-Middle,1,0,0,9.23,92.2,14.3,79.2,95.5,2,6.8,5.2,3,8.6,1.0,2,8.86,A,Pass
STU01296,23,Female,Civil,4,High,1,0,0,4.66,61.3,6.8,54.1,45.0,1,4.5,2.0,3,7.0,5.2,0,4.36,F,Fail
STU01297,21,Female,Mechanical,6,Low,1,0,0,5.49,41.5,8.0,34.0,60.7,1,4.7,5.5,5,6.9,8.9,1,4.74,F,Fail
STU01298,21,Male,Mechanical,7,Lower-Middle,1,0,1,8.9,86.9,11.6,100.0,87.0,4,8.6,6.0,4,6.3,3.9,1,7.94,B,Pass
STU01299,24,Female,Electronics,6,Upper-Middle,1,1,1,6.84,74.2,6.9,59.6,52.6,0,6.1,2.9,1,5.4,5.5,0,5.85,D,Pass
STU01300,18,Male,Business,3,Low,1,0,1,6.33,72.8,6.6,41.5,62.2,2,7.0,2.0,4,7.4,1.1,0,5.52,D,Pass
STU01301,24,Male,Mechanical,3,Middle,1,1,0,5.57,68.3,6.0,52.5,48.4,1,5.7,1.8,4,5.7,3.6,1,4.45,F,Fail
STU01302,20,Female,Mechanical,8,Middle,1,0,1,6.48,61.8,11.1,44.4,75.4,1,9.9,4.5,2,6.8,4.3,2,6.87,C,Pass
STU01303,23,Female,Computer Science,3,Lower-Middle,1,0,0,5.38,71.3,5.4,71.1,50.9,2,8.8,3.2,5,7.2,1.0,2,5.22,D,Pass
STU01304,23,Female,Electronics,6,Middle,0,0,0,9.92,94.6,22.1,80.0,100.0,0,7.4,6.3,1,7.1,2.5,2,10.0,A+,Pass
STU01305,19,Female,Electronics,4,Middle,1,0,1,7.17,81.3,14.4,72.8,98.7,3,7.5,3.5,4,7.1,4.3,0,7.5,B,Pass
STU01306,18,Female,Electronics,5,Lower-Middle,1,1,0,7.12,83.2,13.7,66.2,88.2,3,5.1,5.2,4,6.3,5.9,1,6.79,C,Pass
STU01307,18,Male,Mechanical,5,Middle,1,0,1,7.96,84.7,12.6,68.0,71.3,1,6.9,6.1,3,7.6,3.2,2,7.54,B,Pass
STU01308,23,Male,Mechanical,8,Upper-Middle,1,1,0,8.45,79.0,18.4,63.7,100.0,0,6.0,6.6,2,8.8,3.1,1,9.12,A+,Pass
STU01309,23,Female,Mechanical,2,Upper-Middle,1,0,0,8.43,81.6,13.2,68.1,100.0,2,8.2,4.6,4,8.2,2.8,1,8.11,A,Pass
STU01310,22,Male,Civil,5,Lower-Middle,1,1,1,8.6,83.7,14.1,78.6,93.9,1,5.8,3.5,1,5.8,2.9,1,8.07,A,Pass
STU01311,22,Male,Business,5,Low,1,0,0,6.38,72.8,10.3,67.0,84.6,3,9.1,3.1,0,8.2,2.2,1,6.94,C,Pass
STU01312,22,Male,Civil,3,Lower-Middle,1,1,1,6.81,82.0,12.7,74.2,72.3,1,7.0,6.1,0,5.1,5.2,1,6.78,C,Pass
STU01313,18,Male,Business,3,Middle,1,0,0,8.2,86.1,15.3,76.7,73.3,1,6.0,3.7,2,6.4,4.2,0,8.01,A,Pass
STU01314,19,Female,Computer Science,6,Middle,1,0,1,6.51,89.2,8.6,82.4,62.8,3,7.5,6.2,0,7.7,1.0,2,6.85,C,Pass
STU01315,21,Female,Computer Science,8,Upper-Middle,1,0,0,7.19,93.6,9.8,79.1,94.6,3,8.8,4.1,3,7.7,5.1,0,7.7,B,Pass
STU01316,22,Female,Computer Science,2,Low,1,1,0,7.72,79.2,14.4,71.1,72.1,0,7.7,2.9,3,6.8,2.0,2,7.87,B,Pass
STU01317,19,Male,Mechanical,8,Low,1,0,0,8.22,50.4,15.6,62.1,92.5,1,5.8,6.4,1,6.4,4.5,2,7.23,B,Pass
STU01318,24,Male,Business,1,Middle,1,0,0,4.89,74.3,5.6,58.0,54.2,3,8.0,3.4,5,6.4,4.2,1,4.49,F,Fail
STU01319,20,Male,Computer Science,7,Upper-Middle,1,1,1,8.13,76.3,8.5,57.2,78.1,1,8.0,2.9,2,6.3,3.1,2,6.7,C,Pass
STU01320,22,Male,Business,2,Lower-Middle,1,0,0,6.9,68.1,10.2,49.0,70.9,3,7.6,5.5,2,6.7,4.0,1,6.05,C,Pass
STU01321,24,Female,Computer Science,2,Middle,1,0,0,8.12,77.4,15.1,68.3,91.8,0,6.5,4.6,0,7.9,2.2,1,8.56,A,Pass
STU01322,21,Female,Business,4,Lower-Middle,1,0,0,8.21,77.5,18.8,47.9,90.7,1,6.4,7.6,4,6.7,7.3,1,7.88,B,Pass
STU01323,20,Female,Electronics,8,High,1,0,0,9.29,91.3,12.0,79.4,82.5,0,7.3,4.5,4,6.7,3.4,1,8.62,A,Pass
STU01324,20,Male,Computer Science,6,High,1,1,1,8.96,72.3,13.6,62.3,98.2,3,5.9,4.7,5,4.6,6.8,1,7.63,B,Pass
STU01325,21,Female,Mechanical,4,Lower-Middle,1,1,1,8.95,76.1,13.7,77.0,100.0,2,7.0,7.1,4,7.1,2.0,1,8.19,A,Pass
STU01326,22,Female,Electronics,2,Lower-Middle,0,0,0,9.08,88.1,19.2,66.2,100.0,1,7.4,8.2,5,7.3,4.5,1,9.02,A+,Pass
STU01327,18,Female,Electronics,2,Middle,1,1,1,7.58,82.9,12.1,67.7,75.0,1,9.6,3.0,1,4.0,3.6,1,7.68,B,Pass
STU01328,21,Female,Electronics,2,Lower-Middle,1,0,0,7.24,81.3,8.8,80.0,63.9,2,6.3,4.2,2,7.4,1.6,1,6.46,C,Pass
STU01329,21,Male,Business,5,Upper-Middle,1,0,0,8.33,75.4,15.3,79.1,90.2,0,5.3,8.4,0,6.6,2.9,1,8.79,A,Pass
STU01330,21,Male,Mechanical,8,Upper-Middle,1,0,1,8.15,72.9,12.1,57.0,100.0,0,7.6,6.7,1,7.8,1.8,1,8.91,A,Pass
STU01331,20,Male,Electronics,7,Upper-Middle,1,0,0,6.8,69.9,6.9,63.8,77.1,1,6.6,1.7,3,6.9,4.0,2,6.09,C,Pass
STU01332,19,Female,Mechanical,7,Upper-Middle,0,0,1,7.73,80.6,9.8,71.3,88.6,1,6.0,6.3,3,6.2,8.8,1,6.96,C,Pass
STU01333,24,Male,Civil,4,Middle,1,1,1,7.15,87.7,16.5,76.3,93.9,3,8.6,7.3,3,7.9,6.8,2,7.8,B,Pass
STU01334,18,Male,Electronics,2,Lower-Middle,1,1,0,6.09,54.1,10.3,49.8,73.3,2,5.3,2.5,5,7.8,3.3,1,5.74,D,Pass
STU01335,22,Male,Electronics,7,Upper-Middle,1,0,1,8.88,82.6,15.1,82.4,98.3,0,9.4,5.8,5,6.8,4.5,1,9.06,A+,Pass
STU01336,22,Male,Computer Science,3,Middle,1,0,1,7.27,65.7,10.8,40.5,85.7,2,4.9,5.0,2,7.4,2.2,1,7.32,B,Pass
STU01337,24,Female,Computer Science,8,Upper-Middle,1,1,0,9.86,76.1,17.6,61.4,100.0,0,5.9,4.7,3,5.7,1.6,0,9.34,A+,Pass
STU01338,19,Female,Civil,7,Lower-Middle,1,1,1,5.09,73.2,8.0,68.4,44.2,1,6.8,4.5,5,4.5,5.3,2,4.92,F,Fail
STU01339,21,Male,Computer Science,6,Low,1,1,0,6.48,76.7,10.8,70.6,80.0,4,8.9,7.9,5,7.5,3.6,0,6.17,C,Pass
STU01340,18,Male,Mechanical,8,High,1,0,1,7.24,79.8,11.8,81.4,92.5,1,5.9,6.6,4,6.2,5.7,1,7.74,B,Pass
STU01341,22,Male,Civil,6,Lower-Middle,1,1,1,8.68,90.8,17.0,86.4,86.6,3,8.1,6.3,5,7.5,4.7,0,8.46,A,Pass
STU01342,24,Male,Computer Science,7,High,0,0,0,7.72,74.8,12.5,62.0,93.0,3,5.0,4.3,3,7.7,3.4,0,7.67,B,Pass
STU01343,23,Male,Mechanical,3,High,1,0,0,7.6,74.6,9.3,77.7,96.8,1,8.1,4.3,1,7.3,3.3,2,7.89,B,Pass
STU01344,24,Male,Electronics,6,Upper-Middle,1,0,1,5.73,86.2,6.6,64.6,61.8,1,6.3,1.5,3,7.0,5.2,1,5.82,D,Pass
STU01345,22,Male,Business,5,Upper-Middle,0,0,0,5.7,66.5,2.5,69.2,48.3,3,7.3,1.0,4,7.7,5.0,2,4.15,F,Fail
STU01346,21,Female,Mechanical,7,Middle,1,0,0,7.62,84.0,18.3,88.5,92.2,1,8.2,3.6,3,6.1,2.5,1,8.79,A,Pass
STU01347,23,Female,Business,5,High,1,0,0,5.43,67.2,10.4,72.5,58.4,1,3.6,4.8,0,8.3,4.2,1,6.21,C,Pass
STU01348,19,Male,Mechanical,7,Lower-Middle,1,0,0,6.51,57.8,7.5,55.7,62.9,4,6.2,2.8,4,7.1,4.8,1,4.5,F,Fail
STU01349,18,Male,Computer Science,1,Middle,1,1,0,7.85,62.9,11.9,54.4,89.4,1,5.4,5.5,2,7.7,4.0,1,7.33,B,Pass
STU01350,19,Female,Mechanical,1,Middle,1,0,0,5.92,65.0,6.9,43.7,47.7,1,7.0,3.3,3,6.9,2.8,2,5.03,D,Pass
STU01351,19,Male,Business,1,Middle,1,0,0,9.29,94.9,20.2,80.0,92.1,2,6.4,5.5,5,7.1,3.8,1,8.72,A,Pass
STU01352,24,Female,Mechanical,6,Middle,1,0,1,8.79,90.3,10.3,63.0,90.9,1,6.6,4.4,1,7.3,4.4,1,8.6,A,Pass
STU01353,18,Female,Business,5,Lower-Middle,1,1,0,5.16,73.1,7.7,55.9,58.2,0,8.5,2.2,3,6.8,2.3,2,6.17,C,Pass
STU01354,18,Male,Business,5,Middle,1,0,0,5.99,62.0,8.7,45.3,69.7,1,7.8,6.1,1,8.8,1.0,0,6.22,C,Pass
STU01355,22,Male,Computer Science,5,High,1,0,0,4.23,74.1,7.9,59.8,70.1,3,5.2,2.1,0,6.6,7.6,1,4.79,F,Fail
STU01356,22,Female,Computer Science,3,Lower-Middle,1,0,0,6.18,63.2,9.1,57.6,69.4,6,8.9,3.0,2,6.9,3.5,1,4.98,F,Fail
STU01357,18,Male,Mechanical,5,High,1,1,0,8.2,82.7,8.1,72.3,89.3,2,3.3,1.9,5,6.2,6.7,0,6.46,C,Pass
STU01358,23,Female,Electronics,3,Upper-Middle,1,1,0,6.66,73.2,9.6,57.9,63.0,3,7.0,2.2,4,4.0,5.8,1,5.31,D,Pass
STU01359,20,Female,Business,1,Upper-Middle,1,0,0,7.8,77.6,9.7,77.3,89.7,2,5.0,3.9,4,6.4,6.2,0,7.38,B,Pass
STU01360,22,Female,Business,1,Middle,0,0,1,5.22,76.8,7.7,64.0,53.7,0,7.4,1.4,2,6.5,4.0,2,5.56,D,Pass
STU01361,20,Male,Electronics,6,Upper-Middle,1,1,1,8.24,75.5,17.8,57.5,95.9,2,6.4,6.1,0,8.8,3.7,1,8.35,A,Pass
STU01362,24,Female,Computer Science,7,Low,1,0,1,6.48,61.6,4.7,59.2,64.4,1,4.6,3.1,0,7.3,2.6,2,5.54,D,Pass
STU01363,23,Male,Civil,1,Upper-Middle,0,0,1,7.22,76.2,9.0,85.4,86.9,0,5.7,3.1,3,7.5,1.1,1,7.27,B,Pass
STU01364,18,Female,Electronics,7,Low,1,0,1,7.08,72.2,9.5,66.7,62.9,3,5.4,0.5,0,5.5,4.3,1,6.08,C,Pass
STU01365,23,Female,Business,7,High,1,0,0,5.55,94.8,6.9,73.2,37.9,2,7.9,5.1,3,6.9,1.3,2,5.07,D,Pass
STU01366,22,Male,Electronics,8,High,1,0,1,5.7,73.9,10.6,49.1,64.2,1,8.2,4.6,1,7.9,1.0,2,7.0,C,Pass
STU01367,19,Female,Civil,6,Lower-Middle,1,0,0,8.46,79.0,13.4,65.2,96.4,3,9.9,5.4,2,9.5,1.8,0,8.56,A,Pass
STU01368,24,Female,Computer Science,2,Lower-Middle,1,0,1,7.72,70.1,13.7,64.4,87.7,0,6.3,4.8,1,6.3,1.7,1,8.06,A,Pass
STU01369,18,Male,Mechanical,2,Upper-Middle,1,1,1,8.57,67.8,12.3,56.8,100.0,2,6.8,5.9,1,4.4,6.7,2,7.36,B,Pass
STU01370,21,Male,Mechanical,4,Lower-Middle,0,0,0,7.62,69.9,12.9,45.3,88.9,1,8.3,6.3,1,6.2,5.9,2,7.29,B,Pass
STU01371,24,Male,Mechanical,8,High,1,1,0,7.39,77.8,14.1,58.2,78.4,1,6.2,6.8,1,5.4,2.7,2,7.47,B,Pass
STU01372,20,Male,Computer Science,6,Low,1,0,0,4.96,76.2,4.7,80.3,30.1,3,5.6,2.8,4,6.2,5.0,1,4.26,F,Fail
STU01373,23,Male,Civil,4,Low,1,0,1,6.85,83.2,13.0,84.3,76.1,0,10.0,2.8,0,7.9,5.0,0,7.59,B,Pass
STU01374,18,Female,Business,4,High,1,0,1,7.16,77.7,11.5,57.7,89.4,1,6.6,5.1,2,7.3,2.9,0,7.55,B,Pass
STU01375,24,Male,Computer Science,8,Upper-Middle,1,1,1,9.74,86.1,19.6,78.4,100.0,0,7.6,7.3,2,5.1,5.6,2,9.72,A+,Pass
STU01376,23,Male,Computer Science,2,Upper-Middle,1,1,0,8.09,82.6,12.6,57.8,88.1,0,4.7,4.0,5,7.6,7.6,1,7.59,B,Pass
STU01377,18,Female,Computer Science,6,Lower-Middle,1,0,1,9.2,81.8,16.5,83.1,100.0,1,6.3,4.8,1,8.9,1.0,0,9.94,A+,Pass
STU01378,22,Male,Mechanical,2,Upper-Middle,0,1,0,7.98,93.6,12.8,78.6,77.1,3,10.0,5.7,2,4.5,2.8,2,7.42,B,Pass
STU01379,24,Female,Mechanical,4,Middle,1,0,1,6.28,69.9,9.3,71.4,75.5,1,7.2,3.7,3,8.2,3.8,0,6.2,C,Pass
STU01380,22,Male,Mechanical,6,Middle,1,1,0,7.35,76.1,12.5,48.5,98.2,1,6.8,4.2,2,6.0,7.6,2,7.03,B,Pass
STU01381,24,Male,Computer Science,4,Upper-Middle,1,1,0,7.51,59.8,13.6,62.7,82.7,4,8.1,7.6,1,5.3,3.4,1,6.88,C,Pass
STU01382,22,Female,Electronics,5,Middle,1,1,0,5.98,68.3,5.2,60.9,50.8,3,3.9,3.6,2,4.7,9.6,0,4.06,F,Fail
STU01383,23,Female,Mechanical,8,Middle,1,0,1,6.7,80.2,14.7,76.6,78.6,2,6.4,6.1,0,6.5,4.4,1,6.98,C,Pass
STU01384,21,Female,Mechanical,7,Lower-Middle,1,0,1,6.93,66.1,5.3,68.8,47.6,0,9.7,4.4,1,6.5,1.0,0,6.77,C,Pass
STU01385,24,Female,Business,6,Upper-Middle,1,0,0,9.29,80.4,13.5,68.9,100.0,0,6.9,5.6,4,7.1,6.0,1,8.93,A,Pass
STU01386,24,Female,Computer Science,6,Lower-Middle,1,0,0,4.5,68.8,5.7,55.3,55.3,4,6.4,1.7,0,9.1,1.9,1,4.28,F,Fail
STU01387,22,Male,Civil,7,Upper-Middle,1,0,1,8.77,72.0,15.8,71.0,100.0,3,8.4,5.1,2,6.5,4.3,0,7.36,B,Pass
STU01388,18,Male,Electronics,4,Lower-Middle,1,0,0,5.98,78.4,13.7,66.4,70.3,1,8.8,6.2,4,5.6,1.5,2,7.35,B,Pass
STU01389,24,Female,Electronics,5,Middle,1,0,1,5.42,62.8,2.3,49.0,58.1,1,4.2,2.6,5,6.7,3.6,1,4.82,F,Fail
STU01390,22,Female,Civil,3,Upper-Middle,1,0,0,8.73,80.6,12.9,59.1,84.8,2,7.7,5.6,0,8.0,1.0,1,8.43,A,Pass
STU01391,19,Female,Civil,7,Lower-Middle,1,0,0,8.15,71.8,6.9,48.3,78.0,3,9.2,1.4,5,6.8,1.0,1,6.23,C,Pass
STU01392,22,Male,Business,8,Low,1,0,1,8.83,87.2,14.8,67.2,81.1,0,6.4,6.6,3,7.7,3.6,0,8.51,A,Pass
STU01393,23,Male,Computer Science,2,Low,1,1,1,8.24,100.0,14.3,91.0,89.1,0,7.4,5.2,0,6.4,4.8,2,8.9,A,Pass
STU01394,21,Female,Computer Science,4,Middle,0,0,0,9.88,95.6,21.5,79.2,100.0,2,7.8,8.4,4,7.1,2.6,1,10.0,A+,Pass
STU01395,19,Male,Civil,7,Upper-Middle,0,0,0,7.93,72.7,13.2,58.3,90.3,1,7.7,3.7,5,8.6,1.0,1,8.0,B,Pass
STU01396,23,Female,Mechanical,7,Low,1,1,1,7.0,84.1,14.1,78.5,74.7,6,5.1,8.2,3,5.2,3.4,2,5.98,D,Pass
STU01397,23,Female,Electronics,6,Upper-Middle,1,0,0,7.65,75.7,14.0,57.1,86.9,3,2.1,5.6,5,6.0,6.3,1,7.14,B,Pass
STU01398,23,Male,Computer Science,2,Lower-Middle,1,0,1,8.82,95.1,13.3,78.0,91.2,0,8.1,4.4,2,6.1,4.1,1,8.79,A,Pass
STU01399,18,Female,Computer Science,2,Middle,0,0,0,6.19,77.4,5.1,64.6,60.4,1,8.6,3.5,1,7.3,3.6,2,6.05,C,Pass
STU01400,23,Female,Business,8,High,0,0,0,6.35,48.2,10.5,56.7,72.3,1,4.9,5.4,5,7.1,6.6,2,6.16,C,Pass
STU01401,18,Male,Computer Science,2,Lower-Middle,1,1,1,6.8,66.0,6.1,43.8,70.1,1,5.4,3.8,2,6.9,5.1,1,6.29,C,Pass
STU01402,23,Female,Electronics,7,Middle,0,0,1,4.46,69.9,9.8,53.4,63.1,3,6.2,2.5,1,6.9,4.6,1,5.02,D,Pass
STU01403,20,Male,Computer Science,3,Low,1,0,0,7.38,78.1,11.3,50.5,79.4,1,9.3,6.1,1,6.8,6.7,2,8.06,A,Pass
STU01404,19,Female,Electronics,1,Low,1,0,1,4.75,55.6,10.1,50.7,54.6,2,4.8,3.5,4,7.3,3.8,1,4.9,F,Fail
STU01405,20,Male,Computer Science,4,Lower-Middle,1,0,0,7.27,71.3,10.1,74.9,76.5,1,7.4,4.0,3,8.7,6.1,2,7.2,B,Pass
STU01406,23,Female,Mechanical,1,Low,0,1,0,8.32,66.4,14.5,54.8,84.8,4,4.6,2.0,3,5.0,7.7,2,6.02,C,Pass
STU01407,19,Male,Computer Science,7,Middle,1,0,1,6.58,72.2,10.8,58.2,70.0,5,5.0,3.5,0,6.1,4.4,1,5.51,D,Pass
STU01408,19,Male,Business,1,Middle,0,0,1,9.38,100.0,15.6,88.7,100.0,1,9.3,5.0,2,7.0,4.2,0,9.53,A+,Pass
STU01409,24,Female,Computer Science,7,Middle,1,0,1,5.3,72.9,6.3,74.5,48.8,1,9.1,3.6,4,9.0,1.5,1,6.21,C,Pass
STU01410,21,Male,Mechanical,1,Lower-Middle,1,0,0,8.75,100.0,15.7,79.1,94.0,0,9.3,4.9,5,5.9,1.5,1,9.57,A+,Pass
STU01411,20,Male,Business,2,Lower-Middle,1,0,0,8.08,87.4,10.4,79.3,81.2,1,4.3,1.7,2,7.0,4.5,1,7.29,B,Pass
STU01412,21,Female,Civil,5,Upper-Middle,1,1,0,4.97,73.1,3.3,53.1,49.3,3,6.0,2.4,5,5.3,2.8,2,4.31,F,Fail
STU01413,19,Female,Mechanical,2,High,1,1,0,10.0,100.0,20.7,93.8,100.0,1,8.4,6.8,5,6.6,3.9,1,9.91,A+,Pass
STU01414,18,Female,Electronics,2,Low,1,1,1,7.12,78.6,13.4,88.6,83.8,2,7.0,3.9,5,4.1,6.6,1,7.3,B,Pass
STU01415,19,Female,Electronics,8,High,1,1,0,6.06,68.8,9.3,66.5,50.6,7,3.6,3.9,0,5.2,5.5,2,3.73,F,Fail
STU01416,21,Male,Civil,6,Middle,1,0,1,5.37,75.1,12.7,44.2,76.6,1,4.8,2.2,0,8.3,3.9,1,5.91,D,Pass
STU01417,20,Male,Business,6,Middle,1,0,0,6.91,86.2,10.0,66.1,81.7,1,6.1,4.9,4,7.0,4.3,1,6.89,C,Pass
STU01418,23,Male,Civil,1,Middle,1,1,0,7.03,71.3,15.0,68.9,69.9,1,6.5,5.2,0,5.5,6.1,0,6.6,C,Pass
STU01419,24,Female,Mechanical,7,Low,1,1,0,7.33,70.9,12.2,58.3,58.6,2,3.6,4.3,4,6.2,5.3,1,5.84,D,Pass
STU01420,24,Female,Civil,8,Low,1,1,0,6.81,75.2,7.6,77.8,61.8,5,7.7,4.7,0,6.1,3.5,2,5.19,D,Pass
STU01421,24,Female,Mechanical,2,Middle,1,0,0,8.02,86.8,18.6,77.9,92.1,0,7.2,5.8,3,7.6,4.5,1,9.02,A+,Pass
STU01422,23,Female,Computer Science,8,Lower-Middle,1,0,1,6.7,79.9,13.4,60.9,100.0,1,5.4,5.4,4,4.9,5.7,1,7.43,B,Pass
STU01423,24,Male,Mechanical,1,High,1,1,0,4.68,52.0,6.0,51.5,58.1,1,5.9,2.6,3,5.2,1.9,0,4.94,F,Fail
STU01424,20,Male,Business,6,Middle,1,1,1,7.01,90.3,13.2,65.3,61.8,1,5.4,9.8,3,5.2,4.7,2,7.16,B,Pass
STU01425,23,Male,Computer Science,5,Low,0,1,0,4.12,55.5,4.0,51.5,38.9,2,5.7,2.9,4,6.8,3.4,2,3.6,F,Fail
STU01426,24,Female,Civil,4,Upper-Middle,1,0,1,7.66,76.2,14.8,60.2,86.5,0,4.1,3.7,2,7.0,4.8,1,8.15,A,Pass
STU01427,23,Male,Computer Science,1,Lower-Middle,1,0,0,5.93,62.4,1.7,69.2,60.0,1,3.6,4.1,1,8.4,3.9,2,5.0,D,Pass
STU01428,21,Female,Mechanical,8,Middle,1,0,1,7.41,98.6,8.8,100.0,64.7,1,7.3,5.2,0,7.8,1.0,1,7.98,B,Pass
STU01429,20,Male,Computer Science,5,Upper-Middle,1,1,0,8.91,86.5,17.8,57.6,99.2,2,6.2,6.4,5,5.9,2.4,1,8.62,A,Pass
STU01430,22,Male,Mechanical,4,High,1,0,1,5.97,63.0,8.2,38.6,58.4,1,6.7,2.8,0,7.0,2.4,2,5.51,D,Pass
STU01431,18,Male,Civil,3,Upper-Middle,0,0,1,8.58,89.8,14.8,71.4,83.3,0,7.5,3.4,5,8.3,2.9,0,8.91,A,Pass
STU01432,24,Female,Electronics,1,Upper-Middle,1,1,0,6.64,79.3,6.2,52.4,71.2,2,10.0,3.5,2,7.6,4.0,1,6.41,C,Pass
STU01433,18,Female,Civil,1,Upper-Middle,0,0,0,9.48,85.9,21.5,72.0,100.0,2,6.9,6.4,1,6.9,1.4,1,9.03,A+,Pass
STU01434,23,Male,Civil,3,High,1,1,0,6.73,80.4,14.0,75.7,87.0,0,2.1,3.9,2,5.2,5.2,1,7.42,B,Pass
STU01435,18,Male,Business,3,Lower-Middle,1,0,1,6.11,63.9,8.6,73.3,72.9,1,3.1,4.7,1,4.9,6.0,1,6.1,C,Pass
STU01436,20,Female,Computer Science,1,Low,1,1,0,8.09,76.5,12.0,67.9,82.1,1,5.0,6.9,4,4.1,4.6,0,7.69,B,Pass
STU01437,20,Male,Electronics,3,Lower-Middle,1,0,0,6.63,57.1,13.4,52.3,84.2,0,10.0,4.3,4,7.5,2.6,1,7.68,B,Pass
STU01438,19,Female,Computer Science,2,Lower-Middle,1,1,0,6.11,59.9,15.2,36.2,78.1,3,5.9,6.8,5,6.7,5.2,1,6.23,C,Pass
STU01439,24,Female,Business,4,Upper-Middle,0,1,0,6.58,87.4,13.0,72.7,77.6,4,9.0,5.2,3,5.5,2.8,1,6.49,C,Pass
STU01440,19,Male,Business,4,Middle,1,0,1,7.14,88.8,17.8,74.0,80.4,3,9.0,6.9,3,8.3,2.8,0,7.88,B,Pass
STU01441,18,Male,Mechanical,4,Middle,1,0,0,8.94,85.3,12.1,77.5,89.1,1,5.4,3.4,5,6.8,4.1,2,8.09,A,Pass
STU01442,22,Female,Business,2,Low,1,0,1,4.69,76.7,3.9,59.0,50.9,4,4.1,1.9,4,6.4,3.2,1,3.6,F,Fail
STU01443,19,Male,Mechanical,7,Upper-Middle,1,0,1,7.23,74.9,7.9,60.6,99.7,3,7.7,1.7,5,8.2,2.6,2,7.36,B,Pass
STU01444,19,Male,Mechanical,3,Lower-Middle,1,1,0,8.01,78.1,14.4,52.1,92.3,1,3.6,3.5,3,7.2,5.3,2,7.19,B,Pass
STU01445,20,Female,Computer Science,5,Upper-Middle,1,0,1,7.45,77.7,12.4,43.7,76.4,1,8.4,5.5,5,6.9,5.4,1,7.31,B,Pass
STU01446,22,Female,Civil,3,Middle,0,0,0,8.9,83.5,14.3,59.0,88.1,1,7.0,4.5,4,7.5,5.9,0,8.01,A,Pass
STU01447,23,Female,Computer Science,1,Lower-Middle,1,0,1,7.1,73.8,13.6,48.6,76.3,3,7.6,3.7,2,7.6,2.3,1,6.69,C,Pass
STU01448,18,Female,Business,6,Low,1,1,0,6.96,83.9,14.6,73.7,100.0,2,7.7,3.6,0,8.4,1.7,1,8.2,A,Pass
STU01449,19,Male,Civil,8,Low,0,1,1,7.97,81.1,8.4,63.4,77.8,2,7.6,1.2,4,6.1,4.1,0,6.41,C,Pass
STU01450,22,Male,Civil,8,Upper-Middle,1,0,0,7.33,82.3,9.9,64.0,87.5,4,7.3,1.0,5,5.8,3.5,0,6.66,C,Pass
STU01451,24,Female,Computer Science,4,High,1,0,0,6.69,81.7,12.8,59.2,73.2,3,7.5,5.0,4,7.6,5.0,1,6.78,C,Pass
STU01452,22,Female,Electronics,3,Middle,1,0,0,7.87,82.5,11.3,37.2,87.2,1,7.2,0.5,4,7.1,3.8,2,7.07,B,Pass
STU01453,18,Male,Electronics,5,Low,0,0,0,6.35,64.0,7.3,73.5,75.5,1,4.1,3.9,3,7.1,4.6,2,6.41,C,Pass
STU01454,22,Female,Electronics,1,Middle,1,0,1,6.41,61.2,12.9,46.7,69.0,3,5.5,5.6,5,7.0,5.1,0,6.27,C,Pass
STU01455,22,Male,Computer Science,2,Upper-Middle,1,0,0,6.51,73.8,6.2,60.1,61.1,1,9.9,2.7,3,5.4,4.0,1,6.74,C,Pass
STU01456,22,Male,Business,7,Upper-Middle,1,0,1,8.96,83.4,14.0,55.5,100.0,1,7.6,5.3,5,7.3,3.8,0,8.56,A,Pass
STU01457,24,Male,Mechanical,2,Low,1,0,0,4.0,60.7,6.0,66.1,57.0,0,7.7,2.4,3,6.6,4.1,1,5.32,D,Pass
STU01458,19,Male,Electronics,5,Low,1,0,1,7.71,78.4,10.7,68.5,90.5,0,5.4,4.5,3,6.7,4.1,2,7.91,B,Pass
STU01459,18,Male,Electronics,1,Upper-Middle,1,0,0,7.24,96.9,13.8,69.9,90.4,1,6.3,5.5,2,6.6,2.8,2,8.35,A,Pass
STU01460,24,Male,Electronics,4,Middle,1,0,0,5.01,54.4,5.3,48.7,59.1,2,3.9,4.5,4,7.0,7.3,1,5.02,D,Pass
STU01461,22,Male,Mechanical,3,Lower-Middle,1,1,0,7.6,62.1,16.4,74.0,100.0,2,4.1,8.2,2,6.5,3.5,0,7.96,B,Pass
STU01462,22,Female,Mechanical,1,Low,1,1,1,7.82,81.8,12.3,68.3,85.7,2,4.7,6.9,3,6.2,7.4,1,7.34,B,Pass
STU01463,19,Female,Business,8,Middle,1,0,0,7.97,76.8,14.9,64.3,95.4,1,7.2,4.3,2,8.2,3.5,2,7.94,B,Pass
STU01464,18,Female,Mechanical,7,High,1,0,1,4.0,62.5,7.2,48.1,34.2,5,5.6,4.3,4,7.8,2.8,1,4.07,F,Fail
STU01465,20,Female,Business,2,High,1,1,1,8.98,89.6,13.1,54.8,87.2,1,8.8,5.7,4,6.1,4.5,1,8.1,A,Pass
STU01466,24,Male,Business,7,Middle,1,1,0,6.24,81.5,3.3,67.3,49.9,1,6.6,1.0,3,5.2,6.1,2,4.4,F,Fail
STU01467,19,Male,Computer Science,7,Middle,1,0,1,8.09,68.4,14.3,64.3,100.0,0,2.8,4.0,4,7.6,7.2,2,7.27,B,Pass
STU01468,18,Female,Business,5,Low,1,0,0,8.16,76.4,13.5,76.8,64.0,1,7.5,4.5,2,6.7,1.8,2,7.69,B,Pass
STU01469,24,Male,Computer Science,5,Middle,1,0,0,6.06,73.7,10.8,41.8,65.4,1,3.6,2.6,1,6.8,4.6,1,5.51,D,Pass
STU01470,22,Female,Business,3,Middle,1,0,1,8.06,86.5,12.4,60.6,57.5,0,7.6,2.6,4,5.7,6.4,1,7.2,B,Pass
STU01471,18,Male,Electronics,5,Middle,1,0,1,6.7,91.0,9.1,68.8,64.2,1,6.4,4.5,2,7.4,4.8,1,6.3,C,Pass
STU01472,18,Female,Business,5,Middle,1,0,1,4.51,70.2,12.0,62.1,53.6,3,6.9,4.7,2,9.6,2.9,2,5.52,D,Pass
STU01473,23,Male,Business,1,Lower-Middle,1,0,0,8.72,83.1,10.0,68.4,100.0,1,5.0,4.0,2,6.5,6.8,2,8.1,A,Pass
STU01474,18,Female,Business,8,Low,1,0,0,6.19,63.8,11.6,57.1,75.4,3,7.4,5.9,4,7.6,2.9,2,6.34,C,Pass
STU01475,20,Female,Civil,4,Lower-Middle,1,0,0,6.09,65.9,7.5,63.6,57.3,0,6.4,2.9,1,8.2,1.0,0,6.03,C,Pass
STU01476,18,Female,Electronics,3,Low,1,0,1,6.68,68.6,9.3,52.2,83.3,1,5.9,5.0,3,6.5,3.8,2,7.0,C,Pass
STU01477,20,Male,Computer Science,1,Lower-Middle,1,0,0,7.55,83.0,11.2,79.1,82.0,2,4.6,3.2,3,4.6,8.9,1,6.69,C,Pass
STU01478,22,Female,Electronics,4,High,1,0,1,7.13,77.7,8.8,70.9,76.0,2,9.6,2.5,4,7.7,3.0,0,6.9,C,Pass
STU01479,20,Female,Computer Science,7,Middle,1,0,0,7.91,69.0,14.5,58.2,76.7,2,5.1,5.4,4,7.1,3.0,0,7.05,B,Pass
STU01480,24,Female,Civil,1,Middle,1,1,0,5.46,63.8,12.1,74.3,56.3,3,6.6,7.8,0,6.5,6.1,1,5.45,D,Pass
STU01481,22,Female,Electronics,6,High,1,0,0,6.23,78.2,10.9,82.5,62.7,1,5.5,6.2,5,7.1,5.4,1,7.19,B,Pass
STU01482,22,Female,Business,1,High,1,1,0,7.05,78.1,11.4,76.2,78.5,0,10.0,6.1,1,7.4,2.8,2,7.85,B,Pass
STU01483,20,Male,Mechanical,5,Middle,1,1,0,9.67,92.9,13.4,45.5,100.0,1,7.9,3.0,2,6.1,4.9,2,8.15,A,Pass
STU01484,19,Female,Business,4,Upper-Middle,1,0,1,7.05,78.3,12.7,82.8,95.0,2,6.0,5.0,5,9.2,1.2,0,7.59,B,Pass
STU01485,21,Female,Computer Science,3,Lower-Middle,1,0,1,8.61,96.1,20.7,85.6,100.0,1,8.7,8.4,2,7.7,2.2,1,9.81,A+,Pass
STU01486,18,Female,Business,3,Lower-Middle,1,0,0,7.25,78.1,10.4,86.9,51.4,2,8.0,7.2,5,8.0,2.7,0,6.58,C,Pass
STU01487,23,Male,Business,4,Middle,1,1,0,6.57,69.8,9.0,74.2,74.0,3,7.1,1.2,3,6.2,5.8,1,6.14,C,Pass
STU01488,21,Male,Mechanical,5,Upper-Middle,1,1,0,6.88,67.1,9.1,76.0,59.4,1,5.9,4.8,5,6.5,3.5,1,5.87,D,Pass
STU01489,18,Female,Mechanical,2,Upper-Middle,1,1,1,6.98,76.9,9.5,74.9,65.6,1,7.5,5.4,4,4.5,5.0,2,6.58,C,Pass
STU01490,18,Female,Civil,1,Lower-Middle,0,0,0,7.98,60.4,4.7,69.7,69.4,3,5.8,3.1,1,6.4,6.6,1,5.92,D,Pass
STU01491,22,Male,Computer Science,5,Low,1,0,1,8.99,83.5,16.2,90.0,92.7,1,7.1,3.8,3,8.1,6.8,2,8.58,A,Pass
STU01492,18,Female,Mechanical,6,Middle,1,0,0,7.67,76.7,9.8,68.2,67.3,5,5.7,4.3,5,6.9,2.8,2,6.1,C,Pass
STU01493,23,Male,Electronics,8,Low,1,0,0,8.74,72.8,9.7,48.0,91.6,0,4.4,4.5,1,5.9,5.4,1,7.61,B,Pass
STU01494,18,Male,Computer Science,7,Middle,1,0,1,5.95,62.3,11.2,54.3,54.8,1,7.0,4.6,4,6.3,1.9,1,6.01,C,Pass
STU01495,20,Male,Electronics,4,Upper-Middle,1,0,0,6.66,79.8,7.1,71.8,73.3,2,7.9,2.1,2,6.3,3.8,2,6.55,C,Pass
STU01496,21,Male,Computer Science,8,Upper-Middle,1,1,0,6.26,73.1,8.5,64.6,90.6,3,8.6,2.3,0,6.2,3.3,0,5.82,D,Pass
STU01497,20,Female,Computer Science,1,Upper-Middle,0,0,0,7.61,78.9,16.6,54.8,75.5,2,7.0,6.7,1,6.2,6.1,2,7.62,B,Pass
STU01498,23,Male,Computer Science,3,High,1,0,0,6.73,76.1,6.2,49.4,66.5,2,6.5,1.9,2,8.4,1.2,2,5.45,D,Pass
STU01499,18,Female,Business,7,Middle,1,0,0,8.15,81.5,8.7,61.5,58.4,2,5.0,2.6,1,7.2,2.2,1,6.81,C,Pass
STU01500,24,Female,Mechanical,8,Upper-Middle,1,1,1,5.99,79.9,9.8,76.0,64.7,2,6.9,3.7,1,4.8,7.3,2,6.03,C,Pass
STU01501,23,Female,Business,2,Middle,1,1,1,7.26,77.3,15.0,82.2,90.4,4,7.4,5.7,1,7.7,2.2,0,7.54,B,Pass
STU01502,22,Female,Electronics,8,Lower-Middle,1,0,0,8.09,68.8,8.5,70.4,90.1,1,3.7,5.1,4,7.0,5.0,2,7.74,B,Pass
STU01503,20,Male,Electronics,6,Low,0,0,1,4.52,75.6,7.3,75.9,53.6,3,8.4,1.4,3,7.5,3.4,1,5.33,D,Pass
STU01504,20,Female,Mechanical,3,Lower-Middle,1,0,0,9.96,92.8,18.7,74.8,100.0,1,6.6,4.7,1,7.3,2.5,2,9.85,A+,Pass
STU01505,19,Female,Electronics,4,Middle,1,1,0,6.83,69.4,4.5,44.2,93.5,2,6.2,1.8,4,6.6,3.0,1,6.04,C,Pass
STU01506,18,Male,Computer Science,1,Middle,1,0,0,4.57,52.8,8.5,47.1,71.9,0,6.5,0.9,0,6.7,5.7,2,5.35,D,Pass
STU01507,22,Female,Mechanical,4,Upper-Middle,1,0,0,7.41,80.2,14.4,65.5,79.3,1,7.0,6.2,3,7.3,4.5,0,7.96,B,Pass
STU01508,24,Female,Computer Science,7,Lower-Middle,1,0,0,7.24,75.3,10.6,60.2,64.1,1,8.9,1.2,4,6.9,3.2,1,6.9,C,Pass
STU01509,20,Female,Mechanical,1,Low,1,0,1,7.09,88.1,14.9,73.4,78.6,1,8.3,6.5,0,7.4,2.9,0,8.12,A,Pass
STU01510,20,Female,Civil,5,High,1,1,0,8.49,79.7,17.4,72.2,87.3,2,6.8,7.9,3,6.0,4.8,2,8.15,A,Pass
STU01511,22,Female,Computer Science,2,Low,1,0,0,8.17,74.2,13.7,73.0,94.3,3,2.0,5.5,4,6.7,5.9,1,7.13,B,Pass
STU01512,23,Male,Computer Science,5,Middle,1,0,0,7.59,85.1,10.8,68.3,69.9,2,8.7,1.5,0,5.5,5.9,1,6.4,C,Pass
STU01513,23,Female,Civil,5,Middle,1,0,1,7.79,86.3,9.7,52.8,81.1,0,5.5,4.1,4,7.0,4.1,2,7.69,B,Pass
STU01514,18,Female,Mechanical,4,Middle,1,0,1,7.06,76.7,11.0,61.2,86.1,0,8.1,3.1,0,7.2,3.9,2,7.55,B,Pass
STU01515,19,Male,Computer Science,7,Low,1,1,0,9.51,93.0,17.7,76.2,100.0,0,8.4,4.5,1,8.0,3.7,0,9.58,A+,Pass
STU01516,20,Male,Business,2,Low,1,0,0,5.28,66.1,6.6,71.9,48.7,4,6.0,3.8,1,7.5,4.8,2,4.04,F,Fail
STU01517,19,Male,Computer Science,8,Low,1,1,0,7.38,78.8,5.2,61.6,85.0,0,8.4,3.7,3,5.5,6.4,0,7.0,B,Pass
STU01518,23,Female,Civil,1,Middle,1,1,0,7.28,85.7,15.4,76.6,65.9,0,8.1,7.5,0,5.2,4.4,2,7.39,B,Pass
STU01519,23,Female,Business,1,Middle,1,0,0,8.26,86.3,14.1,74.7,87.7,1,7.8,4.8,1,7.3,2.4,2,8.28,A,Pass
STU01520,21,Male,Computer Science,6,Lower-Middle,0,0,0,6.1,69.2,8.1,61.9,66.1,3,3.9,3.7,3,6.3,4.5,0,5.51,D,Pass
STU01521,24,Female,Computer Science,3,Middle,0,0,0,4.93,75.5,9.4,74.6,59.0,2,6.8,6.3,2,6.4,5.1,1,5.67,D,Pass
STU01522,18,Male,Computer Science,6,Upper-Middle,1,1,0,7.4,58.1,16.4,48.3,88.7,1,4.0,9.1,1,5.5,5.4,1,7.26,B,Pass
STU01523,21,Female,Electronics,8,Low,1,0,0,7.57,94.2,3.7,70.8,79.1,0,6.1,3.7,1,6.7,7.6,1,6.81,C,Pass
STU01524,24,Female,Computer Science,6,Middle,1,0,1,9.14,72.0,16.6,63.1,100.0,1,6.1,5.4,5,7.7,3.6,2,8.57,A,Pass
STU01525,21,Female,Civil,1,Upper-Middle,1,0,1,5.55,62.7,3.8,51.2,53.3,2,8.3,2.2,4,5.0,3.1,1,5.32,D,Pass
STU01526,21,Male,Computer Science,4,Lower-Middle,1,1,0,8.7,83.2,15.9,75.0,92.6,1,7.7,5.5,2,7.5,3.7,2,8.88,A,Pass
STU01527,18,Male,Mechanical,5,Lower-Middle,1,0,0,10.0,88.8,17.4,66.2,100.0,0,8.1,7.3,0,6.8,5.8,1,9.53,A+,Pass
STU01528,18,Male,Business,7,Middle,1,0,0,6.71,81.6,12.3,71.2,84.3,3,8.2,3.5,3,6.4,2.5,2,7.01,B,Pass
STU01529,22,Male,Business,5,High,1,0,0,5.52,59.1,6.5,54.5,53.6,1,4.6,3.4,2,7.9,2.6,2,5.34,D,Pass
STU01530,19,Female,Mechanical,5,Upper-Middle,1,0,1,6.67,75.4,4.7,67.4,75.5,1,4.4,2.9,0,6.8,4.3,2,6.33,C,Pass
STU01531,19,Female,Electronics,2,Middle,1,1,0,7.22,71.5,10.1,58.3,78.0,0,3.9,4.6,1,5.2,4.8,0,6.8,C,Pass
STU01532,22,Female,Mechanical,1,Upper-Middle,1,0,1,7.93,82.0,14.1,65.8,83.2,2,7.4,3.7,5,5.5,2.5,1,7.1,B,Pass
STU01533,22,Female,Mechanical,8,Middle,1,1,1,6.43,71.6,12.9,63.9,81.1,0,8.1,5.2,3,6.9,1.1,0,7.51,B,Pass
STU01534,23,Female,Electronics,8,Middle,1,0,0,9.22,86.9,11.9,74.1,88.8,1,8.7,7.2,3,7.8,3.1,1,8.71,A,Pass
STU01535,24,Female,Computer Science,7,Middle,1,0,0,5.75,64.4,11.6,58.6,74.3,2,5.0,3.8,2,6.6,5.6,1,6.56,C,Pass
STU01536,21,Female,Business,4,Lower-Middle,1,0,0,4.94,60.6,4.9,73.4,55.6,1,8.1,2.9,4,8.3,1.5,2,6.31,C,Pass
STU01537,22,Female,Electronics,2,Upper-Middle,1,0,0,8.64,85.5,15.4,61.4,89.6,0,10.0,2.8,0,7.0,2.7,0,9.01,A+,Pass
STU01538,20,Male,Computer Science,3,Middle,0,0,0,4.24,68.8,4.0,60.6,52.0,3,7.3,2.6,5,8.3,3.1,1,4.18,F,Fail
STU01539,19,Male,Electronics,4,Middle,1,0,0,6.93,69.9,11.4,46.2,82.6,3,8.7,4.7,5,6.0,2.1,1,6.87,C,Pass
STU01540,22,Male,Electronics,6,High,0,0,1,10.0,83.0,19.7,73.6,100.0,1,8.5,7.1,2,5.9,5.2,0,8.98,A,Pass
STU01541,20,Female,Business,4,Low,1,0,0,7.18,80.8,7.7,57.3,84.4,3,6.7,4.4,4,6.5,4.4,1,6.35,C,Pass
STU01542,20,Female,Civil,4,Lower-Middle,1,0,0,5.74,68.5,6.4,58.3,66.6,1,5.4,2.5,4,6.6,5.2,2,5.15,D,Pass
STU01543,20,Male,Civil,5,Low,1,1,1,7.13,82.3,11.8,65.6,67.9,1,4.7,6.3,4,7.4,5.2,0,7.04,B,Pass
STU01544,23,Female,Computer Science,4,Upper-Middle,1,0,1,7.13,68.4,18.5,63.9,100.0,1,5.8,5.2,3,7.3,7.5,2,7.62,B,Pass
STU01545,23,Female,Electronics,8,Upper-Middle,0,0,0,7.41,62.8,9.2,52.2,64.3,2,5.8,5.9,0,6.2,3.0,1,6.01,C,Pass
STU01546,20,Male,Mechanical,6,Lower-Middle,1,0,1,8.06,76.0,19.2,59.7,100.0,1,6.5,7.1,0,7.0,2.5,2,8.76,A,Pass
STU01547,24,Male,Computer Science,6,Upper-Middle,1,1,0,5.85,63.1,14.7,72.2,76.8,2,6.0,5.3,2,5.8,7.3,1,6.32,C,Pass
STU01548,23,Female,Electronics,1,Middle,1,1,0,9.39,86.3,15.5,74.6,90.0,1,3.9,3.5,1,5.4,6.6,2,8.04,A,Pass
STU01549,21,Female,Civil,4,Upper-Middle,0,0,0,7.52,72.5,11.1,57.9,80.3,2,7.8,2.7,2,6.9,3.6,0,6.97,C,Pass
STU01550,20,Female,Computer Science,5,Middle,1,1,0,8.14,86.7,11.2,69.5,85.8,1,8.7,4.9,0,6.0,3.1,1,7.55,B,Pass
STU01551,21,Female,Mechanical,4,Middle,0,0,1,6.38,69.6,9.6,78.2,83.6,1,7.0,2.8,3,6.2,3.8,0,7.32,B,Pass
STU01552,21,Female,Computer Science,3,High,1,0,1,8.87,85.6,10.5,69.0,84.5,1,5.5,5.6,2,6.2,4.3,2,7.59,B,Pass
STU01553,20,Female,Computer Science,3,Lower-Middle,1,1,1,6.87,75.6,10.5,58.5,72.9,4,7.3,4.6,1,7.0,1.3,2,6.18,C,Pass
STU01554,19,Female,Computer Science,5,Low,1,1,0,7.56,79.4,16.6,60.8,65.1,2,7.0,3.8,5,6.6,5.4,0,7.15,B,Pass
STU01555,24,Female,Business,1,Middle,1,0,0,5.99,69.7,7.1,56.4,81.8,1,7.2,4.3,2,7.9,1.0,0,6.84,C,Pass
STU01556,20,Male,Business,1,High,0,1,0,5.9,73.6,8.1,58.2,54.2,4,9.0,3.2,4,5.9,2.5,1,5.25,D,Pass
STU01557,20,Male,Business,6,Middle,1,0,0,8.09,74.1,8.1,51.7,85.7,1,6.4,3.4,1,5.9,3.9,0,6.64,C,Pass
STU01558,23,Male,Mechanical,6,Low,1,1,1,6.62,84.3,11.4,59.3,73.6,4,7.5,6.0,4,5.6,7.6,1,5.74,D,Pass
STU01559,20,Female,Computer Science,2,Lower-Middle,1,0,1,6.09,68.6,10.0,52.8,67.7,3,5.1,1.9,3,8.0,3.5,1,5.65,D,Pass
STU01560,19,Female,Mechanical,5,Middle,1,0,0,6.36,61.3,9.9,62.7,78.9,4,7.4,2.3,0,5.4,5.0,2,5.82,D,Pass
STU01561,23,Female,Mechanical,4,Lower-Middle,1,0,0,8.11,82.0,12.6,65.4,100.0,3,8.2,5.3,2,8.4,1.2,2,8.45,A,Pass
STU01562,18,Male,Business,7,Upper-Middle,1,0,0,6.38,65.1,8.9,57.0,72.2,1,6.6,1.1,2,5.9,5.8,1,5.89,D,Pass
STU01563,18,Male,Computer Science,5,High,1,0,0,7.05,80.6,12.6,81.0,86.0,3,5.4,3.9,4,7.8,8.1,0,6.63,C,Pass
STU01564,21,Male,Mechanical,2,Middle,1,0,0,7.22,93.8,11.4,89.2,82.7,1,6.7,5.9,4,6.0,5.2,1,7.63,B,Pass
STU01565,24,Male,Computer Science,6,Middle,1,0,0,4.71,57.2,7.4,51.5,64.7,4,3.1,3.0,0,6.4,4.7,1,4.92,F,Fail
STU01566,21,Female,Electronics,5,Middle,1,0,0,5.29,69.1,8.2,55.1,55.5,0,5.4,1.4,2,4.9,2.4,1,6.05,C,Pass
STU01567,19,Male,Civil,5,Low,1,0,0,7.64,64.1,15.6,49.8,98.6,4,7.3,6.0,0,8.9,3.5,1,7.29,B,Pass
STU01568,22,Male,Mechanical,6,High,1,0,0,6.24,74.8,11.5,71.8,82.9,4,7.3,3.8,4,7.6,1.8,2,6.89,C,Pass
STU01569,24,Female,Electronics,8,Middle,0,0,0,8.57,75.8,14.7,63.4,100.0,2,7.0,4.4,5,7.6,2.2,2,8.03,A,Pass
STU01570,18,Male,Electronics,2,Middle,1,1,1,8.46,77.3,18.5,62.5,91.2,0,9.1,11.9,4,5.7,5.2,0,9.32,A+,Pass
STU01571,21,Male,Mechanical,6,Upper-Middle,1,1,0,8.13,71.9,14.5,55.0,88.8,0,7.1,6.2,1,5.3,4.0,1,7.61,B,Pass
STU01572,18,Female,Civil,1,Middle,1,1,1,9.57,93.7,20.0,68.5,100.0,1,6.8,6.6,4,7.0,3.6,2,9.59,A+,Pass
STU01573,19,Male,Business,4,Middle,1,0,0,7.09,83.5,13.0,73.3,66.6,1,6.1,6.2,4,5.8,5.8,2,7.42,B,Pass
STU01574,19,Female,Business,6,Low,1,1,0,8.04,80.4,7.6,55.1,97.4,1,6.7,2.8,5,6.0,3.3,1,7.31,B,Pass
STU01575,22,Female,Civil,2,Upper-Middle,1,0,0,6.44,65.3,13.8,69.1,76.0,2,5.6,4.4,0,5.7,2.9,2,6.84,C,Pass
STU01576,22,Female,Electronics,3,High,1,0,0,10.0,100.0,17.4,74.7,100.0,0,9.4,6.7,1,7.1,3.6,1,9.94,A+,Pass
STU01577,23,Male,Civil,1,Middle,1,0,1,9.78,82.9,16.4,68.2,100.0,1,7.8,6.7,1,5.1,5.7,1,9.16,A+,Pass
STU01578,24,Female,Electronics,3,High,1,1,0,7.22,58.8,12.3,41.9,67.2,1,5.5,6.1,2,4.7,4.7,1,6.12,C,Pass
STU01579,19,Male,Electronics,7,Lower-Middle,0,0,1,7.7,82.2,11.4,69.2,77.2,0,6.7,6.5,5,6.1,3.4,2,7.96,B,Pass
STU01580,21,Male,Business,6,Middle,1,0,1,8.97,76.0,15.6,62.3,100.0,2,7.9,7.5,3,7.6,1.4,1,8.36,A,Pass
STU01581,18,Male,Computer Science,1,Middle,0,0,0,7.01,83.0,9.2,69.3,81.9,0,8.7,5.1,2,6.5,4.6,0,7.18,B,Pass
STU01582,20,Female,Business,4,Middle,1,1,0,6.35,68.7,13.5,75.9,76.6,3,3.7,6.5,2,7.2,7.5,2,6.6,C,Pass
STU01583,22,Male,Mechanical,6,Middle,1,0,1,8.34,86.5,13.3,73.7,94.2,0,7.1,6.8,2,8.5,4.2,2,8.07,A,Pass
STU01584,20,Male,Mechanical,4,Lower-Middle,1,0,0,7.3,87.7,10.5,64.7,75.6,1,7.5,5.2,1,6.7,3.6,2,7.18,B,Pass
STU01585,21,Female,Civil,8,Low,1,0,1,7.44,67.5,9.1,53.4,83.4,1,7.2,1.4,0,5.5,5.6,1,6.67,C,Pass
STU01586,22,Male,Business,5,Middle,1,0,0,6.12,66.0,10.0,65.6,83.8,2,6.5,4.8,4,8.0,2.0,2,6.77,C,Pass
STU01587,20,Male,Mechanical,3,Lower-Middle,1,0,0,4.97,64.2,7.5,71.5,63.8,0,6.8,5.3,1,5.5,5.2,0,5.77,D,Pass
STU01588,24,Male,Mechanical,1,Upper-Middle,1,0,0,7.51,89.8,13.2,76.7,92.0,2,7.1,3.7,4,6.1,2.6,1,7.55,B,Pass
STU01589,21,Male,Computer Science,4,Lower-Middle,1,1,0,8.38,76.6,10.7,72.9,90.8,1,5.6,3.6,4,4.5,5.4,1,7.86,B,Pass
STU01590,18,Male,Mechanical,2,Low,1,0,1,6.91,69.8,6.0,68.0,55.4,3,7.7,2.7,3,8.0,4.5,1,5.87,D,Pass
STU01591,24,Male,Computer Science,4,Middle,1,0,0,9.07,89.2,17.0,87.7,90.5,0,8.7,6.4,2,7.6,4.1,1,9.35,A+,Pass
STU01592,21,Female,Civil,2,Middle,1,0,1,6.28,66.8,14.0,40.6,79.7,4,7.3,4.4,3,8.6,3.5,2,5.66,D,Pass
STU01593,23,Male,Mechanical,6,High,1,0,0,5.83,70.4,5.6,68.9,61.2,4,7.8,2.8,2,6.6,4.4,1,5.15,D,Pass
STU01594,22,Male,Civil,1,Middle,1,0,0,7.11,63.2,16.0,67.7,88.5,2,4.7,6.6,1,6.2,3.8,1,7.38,B,Pass
STU01595,19,Female,Computer Science,4,Lower-Middle,1,0,0,7.09,93.2,12.0,62.5,95.9,2,6.9,1.6,4,6.5,4.3,0,7.29,B,Pass
STU01596,18,Male,Computer Science,7,Upper-Middle,1,0,0,8.2,70.2,13.4,53.3,96.9,0,8.2,5.1,3,5.7,5.3,0,7.6,B,Pass
STU01597,24,Female,Civil,4,Middle,1,1,0,6.19,68.4,8.2,52.5,80.0,2,7.0,2.9,5,7.6,3.0,0,6.05,C,Pass
STU01598,24,Male,Computer Science,8,Low,1,0,0,8.98,84.6,10.8,63.5,93.7,1,7.3,1.7,1,10.0,1.5,2,8.61,A,Pass
STU01599,20,Male,Computer Science,7,Middle,1,0,1,9.76,100.0,19.5,75.2,100.0,0,7.6,7.7,1,6.3,3.2,2,10.0,A+,Pass
STU01600,22,Male,Computer Science,1,High,1,1,0,7.15,65.1,9.0,61.5,75.4,2,8.2,4.2,5,6.8,3.0,2,6.49,C,Pass
STU01601,19,Male,Business,8,Middle,1,0,0,8.82,100.0,12.3,88.7,85.3,1,5.3,4.9,2,6.8,3.1,0,8.32,A,Pass
STU01602,21,Male,Civil,4,Lower-Middle,1,1,1,5.83,75.2,11.6,75.9,84.2,2,7.2,5.4,4,6.6,3.9,1,7.0,B,Pass
STU01603,19,Male,Electronics,2,Low,1,0,1,8.6,86.3,8.5,63.4,94.9,2,7.2,4.0,2,8.1,2.5,0,7.51,B,Pass
STU01604,22,Male,Electronics,4,Lower-Middle,1,0,0,8.56,74.9,9.6,56.5,93.2,1,4.9,2.8,2,5.9,2.8,2,7.13,B,Pass
STU01605,22,Male,Electronics,3,Middle,1,1,0,8.32,86.2,13.6,84.9,100.0,1,9.7,6.2,1,5.7,7.5,1,8.55,A,Pass
STU01606,23,Male,Civil,6,Middle,1,0,1,7.18,70.1,12.2,68.5,59.9,4,2.5,6.0,2,8.2,2.8,0,6.38,C,Pass
STU01607,23,Male,Civil,5,Low,1,0,0,4.0,70.1,6.5,62.9,53.6,1,6.7,1.3,0,7.5,3.3,1,5.51,D,Pass
STU01608,19,Male,Computer Science,2,High,0,1,0,6.37,64.1,8.8,63.2,56.4,2,7.0,5.0,5,6.5,4.1,1,5.18,D,Pass
STU01609,21,Male,Computer Science,3,Upper-Middle,1,0,0,6.39,71.0,17.4,62.3,79.9,1,5.1,5.8,5,7.5,3.2,1,7.27,B,Pass
STU01610,19,Female,Computer Science,7,Middle,1,0,1,5.93,65.2,8.2,64.4,62.1,2,6.7,4.4,4,7.6,3.3,1,6.54,C,Pass
STU01611,22,Male,Civil,6,Upper-Middle,1,0,0,7.36,68.9,11.0,58.0,86.7,3,6.1,4.5,5,8.2,2.0,2,6.67,C,Pass
STU01612,22,Female,Civil,1,Low,1,1,1,6.66,79.2,7.9,70.2,73.0,2,8.4,3.1,2,7.0,4.4,2,6.91,C,Pass
STU01613,20,Female,Electronics,2,Middle,1,1,0,6.13,74.9,9.6,49.8,82.0,2,10.0,4.7,2,6.1,3.3,1,6.85,C,Pass
STU01614,23,Male,Computer Science,5,Middle,1,0,1,5.82,78.8,10.5,60.4,61.2,2,7.4,3.6,3,7.4,4.4,1,6.41,C,Pass
STU01615,20,Female,Computer Science,6,Upper-Middle,1,0,0,6.27,57.1,13.2,47.5,81.0,3,6.8,6.6,4,6.9,6.0,2,6.05,C,Pass
STU01616,18,Female,Business,7,Upper-Middle,1,1,0,8.66,91.8,9.8,71.3,90.7,0,6.1,5.8,4,5.5,4.5,1,8.09,A,Pass
STU01617,22,Male,Electronics,8,Lower-Middle,0,0,1,6.34,91.7,8.9,65.8,53.1,2,7.9,2.9,5,6.9,4.6,0,5.72,D,Pass
STU01618,20,Male,Civil,8,High,1,0,0,6.53,69.0,11.4,56.1,64.7,1,5.9,4.2,2,6.9,6.4,2,6.52,C,Pass
STU01619,19,Female,Mechanical,5,Low,1,1,0,6.61,88.2,12.0,57.8,73.7,4,8.6,4.0,0,4.5,4.5,0,5.69,D,Pass
STU01620,23,Female,Electronics,1,High,1,1,0,7.64,76.1,12.3,71.1,95.0,2,4.7,5.3,3,7.0,5.5,0,7.32,B,Pass
STU01621,23,Male,Computer Science,1,High,0,1,0,7.79,68.0,14.2,60.0,92.0,2,4.8,7.2,0,7.1,3.6,0,7.86,B,Pass
STU01622,21,Male,Computer Science,7,Lower-Middle,1,0,0,4.0,57.6,2.6,37.5,31.4,1,7.6,0.0,2,7.5,5.0,0,3.82,F,Fail
STU01623,19,Male,Mechanical,2,Upper-Middle,1,0,1,8.53,91.0,18.7,66.3,97.3,0,7.9,4.5,4,7.9,2.2,0,9.68,A+,Pass
STU01624,21,Male,Civil,7,Low,1,0,0,9.07,78.6,18.1,70.5,100.0,2,8.9,6.3,4,6.8,4.3,0,8.43,A,Pass
STU01625,20,Female,Mechanical,4,Middle,0,0,0,5.83,64.4,4.6,53.2,61.4,1,6.8,2.7,0,6.5,5.6,1,4.96,F,Fail
STU01626,24,Male,Mechanical,1,Middle,1,0,0,5.94,74.4,5.6,57.7,59.0,1,7.5,1.3,1,7.9,1.2,1,6.23,C,Pass
STU01627,18,Male,Computer Science,6,Middle,1,1,1,6.61,73.1,7.1,63.1,74.3,1,6.2,3.4,2,5.1,4.1,0,6.28,C,Pass
STU01628,19,Female,Business,4,High,1,0,1,6.22,75.8,11.5,68.9,79.1,2,6.5,3.3,4,5.9,3.4,1,6.32,C,Pass
STU01629,19,Male,Civil,8,Upper-Middle,1,1,0,7.49,79.4,8.1,53.3,73.1,3,8.4,2.8,5,6.6,5.1,1,6.39,C,Pass
STU01630,19,Male,Electronics,8,Middle,1,0,0,4.67,67.2,5.3,65.8,56.8,0,6.1,4.5,1,7.4,1.9,0,5.48,D,Pass
STU01631,21,Female,Business,3,Upper-Middle,1,0,1,5.75,65.3,9.9,51.2,62.5,2,8.0,3.4,4,7.9,3.3,1,6.59,C,Pass
STU01632,20,Female,Mechanical,5,High,0,0,0,9.2,87.9,15.2,72.5,100.0,1,7.2,5.0,5,5.3,5.7,1,8.88,A,Pass
STU01633,19,Male,Mechanical,4,Low,1,0,1,5.99,62.5,9.8,57.2,69.4,2,4.4,4.1,4,6.9,4.8,1,5.46,D,Pass
STU01634,24,Female,Civil,5,High,0,0,1,8.82,94.4,11.4,71.4,97.1,1,5.8,6.1,1,5.9,6.6,1,8.5,A,Pass
STU01635,19,Male,Business,7,Low,1,1,1,7.66,73.2,14.1,53.7,78.6,1,6.4,5.2,0,7.1,1.0,1,7.97,B,Pass
STU01636,23,Male,Civil,4,Upper-Middle,1,1,0,4.85,73.3,4.9,61.1,44.4,1,8.0,1.6,2,7.5,4.0,1,4.93,F,Fail
STU01637,18,Female,Computer Science,7,Lower-Middle,1,0,1,8.03,78.3,12.1,83.2,96.2,2,5.9,5.5,1,7.5,3.5,2,7.74,B,Pass
STU01638,23,Male,Electronics,3,Low,0,0,1,7.05,76.9,11.8,52.5,77.8,0,7.9,5.8,1,6.4,1.5,1,7.48,B,Pass
STU01639,23,Male,Business,1,Middle,1,1,0,6.61,69.1,10.5,78.4,76.3,2,6.6,5.9,4,5.5,3.1,1,6.44,C,Pass
STU01640,18,Male,Computer Science,8,Middle,1,0,0,7.52,69.5,12.1,59.1,79.6,2,7.4,4.6,5,6.6,6.2,1,6.84,C,Pass
STU01641,24,Male,Electronics,3,Middle,1,0,0,7.82,65.1,10.4,59.4,92.0,1,5.8,4.8,1,6.2,5.5,2,6.86,C,Pass
STU01642,20,Male,Electronics,8,Low,0,0,0,8.12,72.2,12.3,52.4,81.7,0,6.9,5.9,2,6.8,5.0,0,7.9,B,Pass
STU01643,23,Male,Electronics,1,Middle,0,1,0,8.73,81.1,14.5,60.9,93.9,0,8.5,5.6,0,5.4,5.6,1,8.07,A,Pass
STU01644,20,Male,Mechanical,7,High,1,0,0,7.73,80.3,8.3,63.2,87.7,2,7.0,5.5,5,5.6,2.5,1,7.42,B,Pass
STU01645,23,Male,Business,1,Middle,1,0,0,5.41,75.1,6.4,54.6,70.7,0,6.0,3.9,0,7.4,4.1,1,6.06,C,Pass
STU01646,22,Female,Computer Science,8,Lower-Middle,1,1,0,6.58,69.4,11.3,59.5,69.0,3,3.7,7.2,0,6.7,6.5,2,5.89,D,Pass
STU01647,18,Female,Computer Science,8,Middle,0,0,0,10.0,82.9,13.2,65.7,100.0,0,8.0,6.3,2,8.7,1.8,2,9.23,A+,Pass
STU01648,23,Female,Computer Science,5,Low,1,0,1,8.14,69.2,16.8,80.0,96.4,1,5.3,3.1,4,6.6,6.5,0,8.17,A,Pass
STU01649,22,Female,Business,6,Upper-Middle,1,0,1,10.0,93.8,20.8,64.6,100.0,1,6.9,6.6,5,5.1,3.9,1,9.77,A+,Pass
STU01650,21,Male,Mechanical,3,Upper-Middle,1,1,0,9.01,96.1,11.3,78.7,97.4,3,6.2,2.0,5,7.0,4.1,2,7.79,B,Pass
STU01651,22,Male,Electronics,4,Middle,1,0,0,7.51,87.7,16.1,75.1,83.6,0,7.0,4.9,2,7.9,3.7,1,7.93,B,Pass
STU01652,19,Female,Business,8,Middle,0,1,0,7.59,83.6,11.8,59.5,87.2,3,10.0,4.0,5,7.3,3.7,1,7.28,B,Pass
STU01653,23,Female,Business,3,Upper-Middle,0,0,1,7.15,80.9,12.6,75.4,79.9,2,7.6,6.1,1,8.5,2.2,2,7.58,B,Pass
STU01654,22,Female,Business,5,Middle,0,0,1,4.94,78.3,5.4,63.0,54.7,2,5.9,2.0,3,8.5,4.6,1,4.56,F,Fail
STU01655,20,Male,Business,1,Upper-Middle,1,1,1,7.22,78.8,14.2,42.3,73.7,1,6.3,7.4,3,5.2,5.6,2,6.69,C,Pass
STU01656,21,Male,Electronics,5,Middle,0,0,0,8.77,89.0,15.8,80.0,100.0,0,5.3,4.7,3,8.5,1.0,1,9.11,A+,Pass
STU01657,24,Male,Civil,2,Upper-Middle,1,0,1,6.42,69.5,7.4,50.6,56.7,1,4.8,2.8,0,6.7,7.3,1,4.79,F,Fail
STU01658,23,Male,Mechanical,2,Middle,1,0,0,7.74,67.8,9.0,50.2,69.6,2,4.5,1.8,5,7.8,2.5,1,6.47,C,Pass
STU01659,19,Female,Business,4,Middle,1,0,1,8.31,76.1,9.2,72.5,89.2,1,7.2,5.9,2,7.3,6.4,2,7.58,B,Pass
STU01660,24,Female,Civil,5,High,1,0,0,6.02,70.0,9.6,58.5,83.7,1,7.2,6.2,5,6.0,4.0,1,6.85,C,Pass
STU01661,22,Male,Civil,7,Middle,1,0,1,6.61,73.6,11.9,73.3,71.7,2,6.8,4.4,2,8.2,2.5,1,6.53,C,Pass
STU01662,24,Female,Civil,4,Middle,1,0,0,5.88,84.8,10.7,83.0,74.9,4,7.8,2.0,5,6.5,4.3,2,6.75,C,Pass
STU01663,24,Female,Computer Science,7,Lower-Middle,0,1,1,6.13,71.3,8.9,56.3,78.5,2,5.4,3.4,0,8.1,2.5,1,5.65,D,Pass
STU01664,21,Male,Mechanical,4,Middle,1,0,1,5.53,77.1,4.6,74.2,65.9,2,5.1,2.7,1,6.2,1.9,1,5.43,D,Pass
STU01665,24,Male,Business,2,Middle,1,1,0,6.03,66.7,7.0,52.4,61.5,1,4.6,2.2,3,5.2,5.3,1,5.67,D,Pass
STU01666,24,Male,Business,4,Lower-Middle,1,0,0,9.05,82.7,18.5,92.0,91.7,0,5.3,10.1,3,6.3,5.2,1,9.04,A+,Pass
STU01667,23,Male,Computer Science,2,Low,1,0,1,6.01,59.4,7.6,48.7,43.1,1,6.5,6.0,5,8.5,5.3,0,5.36,D,Pass
STU01668,21,Male,Computer Science,8,Middle,1,0,0,7.36,70.9,12.2,72.8,78.9,0,9.6,2.0,0,5.4,2.1,1,7.87,B,Pass
STU01669,19,Male,Computer Science,1,Upper-Middle,1,0,0,6.55,76.9,6.9,74.6,80.4,3,5.3,1.3,3,7.9,4.5,2,5.63,D,Pass
STU01670,22,Male,Civil,7,Middle,1,0,0,8.73,83.7,15.5,73.4,85.2,1,6.7,6.3,5,8.8,2.5,1,8.42,A,Pass
STU01671,21,Male,Business,5,Lower-Middle,1,1,0,8.9,92.1,13.4,68.5,100.0,1,7.9,3.4,4,6.0,4.1,2,8.64,A,Pass
STU01672,21,Female,Computer Science,8,Upper-Middle,0,1,0,8.32,83.1,16.8,68.3,85.2,0,6.7,6.3,5,5.8,6.0,1,8.42,A,Pass
STU01673,18,Male,Mechanical,8,Low,1,1,0,7.6,75.2,14.5,43.6,87.3,1,7.3,5.4,2,6.3,3.3,2,7.32,B,Pass
STU01674,21,Female,Business,4,Middle,1,0,0,6.9,91.7,9.3,77.3,81.4,1,6.7,3.7,3,5.9,4.7,1,7.82,B,Pass
STU01675,18,Male,Civil,2,Lower-Middle,1,1,0,5.65,67.5,7.9,64.0,56.1,1,5.4,4.9,3,8.8,4.7,0,5.8,D,Pass
STU01676,22,Female,Mechanical,3,Lower-Middle,1,0,1,9.73,97.9,14.8,80.1,100.0,0,7.6,8.2,4,7.7,4.7,1,10.0,A+,Pass
STU01677,24,Male,Mechanical,7,Lower-Middle,1,0,1,6.21,67.9,5.2,31.0,59.7,0,6.9,3.1,1,5.8,2.6,1,5.91,D,Pass
STU01678,23,Male,Mechanical,8,Middle,0,1,1,8.06,86.0,10.6,58.9,92.2,1,9.2,2.3,5,5.4,3.1,1,7.21,B,Pass
STU01679,23,Female,Electronics,4,Low,1,0,0,8.58,90.3,14.7,66.7,96.7,0,8.1,5.6,1,7.2,3.1,1,9.01,A+,Pass
STU01680,22,Female,Mechanical,6,Middle,1,0,1,6.48,74.1,10.9,67.4,73.5,0,6.3,3.4,5,5.7,5.9,1,6.84,C,Pass
STU01681,22,Female,Civil,1,Middle,1,0,0,8.55,63.9,14.5,61.2,100.0,1,7.4,8.4,4,5.5,4.1,1,8.28,A,Pass
STU01682,20,Male,Business,1,Middle,0,0,0,8.19,81.1,12.5,67.0,95.1,2,8.6,5.8,1,7.3,3.2,1,8.08,A,Pass
STU01683,24,Male,Mechanical,3,Middle,1,1,1,9.45,97.1,18.7,84.6,99.1,1,7.4,7.2,0,7.2,5.3,2,8.9,A,Pass
STU01684,22,Female,Civil,2,Upper-Middle,1,0,1,6.59,77.2,10.4,56.0,72.3,2,6.6,5.1,4,7.9,2.8,2,6.65,C,Pass
STU01685,21,Female,Computer Science,4,Low,1,1,1,5.53,71.2,10.2,68.8,63.7,1,5.9,4.0,5,6.1,6.7,1,5.76,D,Pass
STU01686,23,Female,Mechanical,7,Middle,1,0,1,6.54,58.9,4.8,60.1,66.9,5,7.2,4.3,2,6.7,1.4,1,4.4,F,Fail
STU01687,19,Female,Computer Science,2,Low,0,0,0,7.47,71.6,0.2,66.7,93.2,3,6.7,0.2,2,7.1,3.2,1,6.08,C,Pass
STU01688,23,Male,Computer Science,1,Low,1,0,0,7.28,79.7,12.4,66.0,84.8,2,4.9,6.2,2,8.0,1.7,2,7.06,B,Pass
STU01689,18,Female,Civil,2,Middle,1,0,1,6.69,76.7,6.1,84.3,48.5,1,7.4,5.2,5,5.7,4.5,2,5.98,D,Pass
STU01690,23,Male,Business,1,Middle,1,0,0,4.72,73.3,5.8,68.9,47.3,1,8.9,1.5,3,6.2,4.7,1,5.1,D,Pass
STU01691,20,Male,Computer Science,2,High,1,1,0,7.81,77.9,11.7,57.1,65.2,0,9.2,5.0,4,5.8,3.5,0,6.81,C,Pass
STU01692,24,Male,Electronics,3,Middle,0,1,1,9.76,92.1,21.3,77.7,100.0,0,6.9,8.0,4,6.0,3.6,0,9.37,A+,Pass
STU01693,22,Male,Business,5,High,1,1,1,7.8,79.1,13.8,75.0,67.1,1,5.9,3.5,1,6.1,2.5,1,7.45,B,Pass
STU01694,24,Male,Computer Science,3,Low,1,1,0,7.99,72.1,13.5,57.4,79.4,0,9.4,3.0,4,6.2,6.0,1,7.46,B,Pass
STU01695,22,Male,Mechanical,3,Low,1,1,1,7.94,61.7,15.4,67.9,74.8,2,8.4,4.2,4,6.9,3.3,1,7.15,B,Pass
STU01696,23,Female,Civil,5,Low,1,0,1,7.72,82.0,13.5,73.0,89.8,2,7.8,5.0,1,5.2,3.8,1,7.79,B,Pass
STU01697,19,Male,Mechanical,5,Lower-Middle,1,1,1,8.41,83.4,12.4,46.6,90.2,0,4.6,5.4,4,4.6,8.2,1,7.08,B,Pass
STU01698,19,Female,Computer Science,8,Middle,1,0,0,7.71,73.6,15.6,67.2,91.5,1,5.8,5.1,4,6.3,3.9,2,7.84,B,Pass
STU01699,20,Male,Electronics,8,Middle,0,0,0,6.79,61.0,7.3,52.5,70.0,2,4.4,6.1,0,7.9,2.6,1,5.85,D,Pass
STU01700,18,Male,Civil,4,Low,1,0,0,6.17,75.9,10.3,70.9,55.7,1,9.5,5.6,5,6.3,2.3,0,7.14,B,Pass
STU01701,23,Female,Mechanical,7,High,1,0,0,6.88,72.3,6.1,72.8,75.5,1,4.3,3.5,1,7.0,3.2,1,6.19,C,Pass
STU01702,22,Male,Computer Science,7,Upper-Middle,1,0,0,7.61,82.5,12.8,71.4,100.0,3,9.8,4.2,0,7.1,1.2,1,8.24,A,Pass
STU01703,23,Male,Civil,4,Lower-Middle,1,1,0,6.79,88.9,11.2,90.0,79.8,3,7.3,4.5,3,6.5,2.9,2,7.02,B,Pass
STU01704,20,Male,Computer Science,3,Low,1,0,0,7.61,60.9,17.2,54.8,85.3,1,4.2,7.8,1,8.6,7.2,1,7.22,B,Pass
STU01705,21,Male,Civil,3,Lower-Middle,1,0,1,7.77,73.3,7.8,70.2,65.3,2,8.1,4.7,5,7.7,1.2,1,6.63,C,Pass
STU01706,21,Female,Computer Science,1,Low,1,0,0,8.28,79.7,11.8,75.9,79.3,0,7.9,5.9,4,8.0,1.0,1,8.62,A,Pass
STU01707,20,Male,Business,1,Low,1,0,1,8.87,96.0,17.2,76.6,100.0,0,5.9,5.7,4,6.9,4.5,1,9.59,A+,Pass
STU01708,22,Female,Electronics,7,Middle,1,0,1,7.3,63.4,12.6,65.8,92.3,1,6.1,4.0,0,8.5,3.0,2,7.41,B,Pass
STU01709,24,Male,Electronics,4,Lower-Middle,0,0,0,5.5,83.0,8.5,63.8,64.9,3,9.2,1.4,0,7.1,4.0,0,5.76,D,Pass
STU01710,20,Female,Computer Science,6,Middle,1,0,1,6.75,74.8,7.6,60.7,79.2,2,6.1,4.1,3,5.0,4.3,1,6.0,C,Pass
STU01711,22,Female,Electronics,8,High,0,0,0,7.26,75.5,9.7,52.2,84.8,0,9.3,1.6,3,9.5,1.0,0,7.53,B,Pass
STU01712,19,Female,Business,6,Upper-Middle,1,1,0,4.81,62.5,10.4,59.9,64.0,2,5.0,4.1,5,6.2,7.3,1,4.98,F,Fail
STU01713,20,Male,Business,4,High,1,1,1,9.01,81.5,14.9,72.2,91.3,0,4.6,4.8,4,6.7,2.2,1,8.89,A,Pass
STU01714,22,Male,Electronics,1,Low,1,0,0,7.39,85.3,12.9,83.0,84.3,2,7.3,5.2,2,5.9,4.8,0,7.73,B,Pass
STU01715,20,Male,Electronics,7,Middle,1,0,1,7.7,69.9,12.0,69.9,75.5,1,4.3,6.4,3,9.2,4.2,1,7.12,B,Pass
STU01716,20,Female,Civil,7,Middle,1,0,0,8.98,87.6,11.4,69.7,93.7,2,7.6,6.5,4,6.2,5.2,2,7.99,B,Pass
STU01717,24,Female,Business,1,Low,0,1,1,6.38,68.8,12.6,49.5,77.4,2,6.4,5.8,3,5.8,4.1,1,6.3,C,Pass
STU01718,24,Female,Mechanical,6,Low,1,0,0,7.95,73.6,14.4,68.5,100.0,0,5.5,4.2,1,5.5,3.2,0,8.29,A,Pass
STU01719,22,Male,Electronics,2,Upper-Middle,1,0,1,7.06,96.0,18.0,88.7,73.0,3,10.0,6.4,0,7.4,4.8,1,7.82,B,Pass
STU01720,22,Female,Electronics,2,Middle,1,1,0,6.96,78.2,7.9,74.4,78.0,1,6.9,2.1,4,5.9,3.7,0,6.62,C,Pass
STU01721,18,Female,Civil,1,Middle,1,0,1,6.2,75.9,11.9,76.4,86.6,6,8.1,3.6,3,5.5,6.6,1,6.28,C,Pass
STU01722,20,Male,Computer Science,2,Middle,1,0,1,9.37,95.9,11.8,75.4,100.0,0,9.2,5.3,0,6.9,3.6,1,9.18,A+,Pass
STU01723,21,Male,Mechanical,5,Middle,1,0,0,6.71,62.2,10.9,52.6,83.1,2,8.8,2.8,2,7.1,2.4,0,6.8,C,Pass
STU01724,20,Female,Electronics,4,Low,1,1,1,8.11,94.6,16.1,69.4,98.1,1,5.9,5.2,3,6.0,5.2,2,9.17,A+,Pass
STU01725,20,Female,Civil,4,Lower-Middle,1,1,0,4.76,43.7,0.3,45.7,59.5,2,2.6,0.0,4,4.4,8.3,0,2.98,F,Fail
STU01726,22,Female,Computer Science,1,Lower-Middle,1,1,1,8.73,77.5,13.9,65.7,83.6,2,9.5,6.1,1,6.5,3.4,2,8.02,A,Pass
STU01727,20,Male,Mechanical,3,Low,0,0,0,8.57,79.2,12.4,69.6,77.6,1,7.8,4.2,0,5.7,3.1,2,7.8,B,Pass
STU01728,23,Female,Mechanical,8,High,1,0,1,7.33,81.3,9.5,67.5,78.0,3,7.3,0.5,0,7.9,1.0,2,6.73,C,Pass
STU01729,20,Male,Mechanical,6,Middle,1,1,1,6.9,76.3,12.0,64.4,56.0,2,6.6,7.0,1,5.6,4.0,1,6.33,C,Pass
STU01730,23,Male,Computer Science,1,Upper-Middle,1,1,0,7.72,77.3,15.8,58.6,100.0,1,6.4,7.3,4,7.1,5.0,2,7.93,B,Pass
STU01731,24,Male,Mechanical,2,Lower-Middle,0,0,0,10.0,89.9,16.6,83.4,100.0,0,8.8,3.0,5,7.0,1.6,2,9.85,A+,Pass
STU01732,21,Female,Mechanical,6,Middle,1,1,0,4.91,56.7,7.4,54.8,51.8,3,3.7,4.3,2,6.3,6.2,0,3.64,F,Fail
STU01733,22,Female,Mechanical,3,Lower-Middle,1,0,1,8.22,69.1,13.8,59.7,86.6,0,7.2,7.4,5,8.3,2.9,1,8.84,A,Pass
STU01734,20,Female,Mechanical,2,Low,1,0,0,6.01,75.9,9.0,58.1,66.2,0,8.3,3.4,1,6.2,4.9,0,7.04,B,Pass
STU01735,23,Male,Civil,7,Lower-Middle,1,0,0,7.17,81.4,8.1,55.5,75.6,1,8.2,3.6,2,5.9,1.0,1,6.92,C,Pass
STU01736,23,Female,Business,8,Upper-Middle,0,0,1,6.88,87.1,14.1,85.3,81.2,2,7.2,4.7,4,7.6,1.2,1,7.96,B,Pass
STU01737,24,Male,Electronics,5,Upper-Middle,1,1,0,6.64,66.9,11.2,65.7,80.1,1,6.3,5.1,3,4.9,4.5,1,6.63,C,Pass
STU01738,23,Female,Business,2,Middle,1,0,1,7.19,81.5,12.6,52.6,78.8,2,9.0,6.3,3,6.2,6.4,2,7.12,B,Pass
STU01739,19,Male,Mechanical,5,Middle,1,0,0,5.73,66.4,6.0,67.4,70.5,0,7.2,1.0,5,5.4,3.5,0,5.88,D,Pass
STU01740,18,Male,Computer Science,6,High,1,1,0,8.54,92.2,12.7,84.6,96.0,1,10.0,3.8,4,7.4,2.4,2,9.04,A+,Pass
STU01741,21,Male,Computer Science,5,Low,1,1,1,4.87,72.5,6.2,64.8,48.3,2,4.0,3.0,2,5.2,8.9,0,4.17,F,Fail
STU01742,24,Male,Electronics,6,Lower-Middle,0,0,0,7.9,81.2,8.2,84.7,94.4,2,8.4,3.9,5,6.3,4.3,1,7.77,B,Pass
STU01743,24,Female,Civil,6,Lower-Middle,1,0,0,6.78,71.2,5.5,64.9,55.2,2,5.3,3.3,1,5.7,6.3,0,5.36,D,Pass
STU01744,20,Male,Civil,6,Upper-Middle,1,0,1,5.68,76.1,6.6,51.5,60.4,4,6.7,2.7,5,6.6,3.1,1,4.97,F,Fail
STU01745,19,Male,Civil,6,High,0,0,0,7.46,82.5,13.5,73.1,93.6,3,9.2,3.7,4,6.9,4.9,2,7.06,B,Pass
STU01746,20,Female,Mechanical,6,Lower-Middle,0,1,1,5.18,60.4,5.4,58.7,48.6,3,4.5,4.1,4,7.0,6.4,1,4.11,F,Fail
STU01747,20,Male,Electronics,2,High,1,1,1,7.25,65.6,8.4,53.3,79.2,2,9.5,1.7,3,4.9,5.0,1,5.95,D,Pass
STU01748,22,Female,Computer Science,6,Upper-Middle,1,0,0,5.35,64.4,5.3,64.4,62.5,1,7.9,1.8,1,6.4,3.7,2,5.55,D,Pass
STU01749,22,Female,Electronics,2,Lower-Middle,1,0,0,7.8,91.1,11.2,58.0,75.3,3,8.4,4.4,3,8.4,3.3,0,7.77,B,Pass
STU01750,22,Female,Electronics,6,Middle,1,0,1,6.0,79.2,7.9,77.4,64.8,3,5.6,4.1,2,8.0,1.1,2,5.59,D,Pass
STU01751,19,Male,Computer Science,5,Middle,1,1,0,6.61,64.2,16.7,49.7,79.4,0,5.9,5.6,2,5.5,6.5,0,7.07,B,Pass
STU01752,20,Female,Computer Science,7,High,1,0,0,7.58,68.6,15.3,51.3,81.5,1,5.9,6.7,0,7.0,2.8,0,7.4,B,Pass
STU01753,18,Female,Mechanical,6,Lower-Middle,0,0,1,6.2,81.2,12.5,67.6,95.5,5,5.2,6.6,4,9.0,2.6,0,6.29,C,Pass
STU01754,21,Male,Civil,3,Upper-Middle,1,0,0,7.12,66.5,14.8,64.3,75.1,4,8.0,4.5,1,5.8,6.1,2,6.17,C,Pass
STU01755,22,Male,Business,6,Lower-Middle,1,0,1,5.23,70.2,4.5,63.8,65.3,3,5.9,2.9,1,5.1,6.8,0,5.21,D,Pass
STU01756,22,Female,Business,6,Upper-Middle,1,0,0,8.02,75.2,9.4,57.7,79.5,3,6.5,4.2,3,6.5,1.7,2,7.32,B,Pass
STU01757,24,Female,Mechanical,5,Middle,1,0,0,9.49,100.0,12.7,74.9,88.3,1,7.8,4.3,5,6.9,2.1,2,8.56,A,Pass
STU01758,20,Female,Electronics,8,Middle,1,1,0,10.0,83.8,21.0,59.0,100.0,0,6.9,4.4,5,5.4,5.7,1,9.54,A+,Pass
STU01759,20,Female,Mechanical,4,Upper-Middle,1,1,1,7.32,85.7,10.0,69.2,85.0,3,8.1,4.5,3,7.2,1.0,1,6.87,C,Pass
STU01760,19,Female,Civil,5,Upper-Middle,1,1,1,8.22,82.6,9.7,80.3,94.6,0,6.2,4.6,5,6.4,6.4,2,7.81,B,Pass
STU01761,19,Male,Computer Science,3,High,0,0,1,4.89,66.4,5.5,59.8,69.3,1,7.8,4.3,1,6.4,4.0,1,4.95,F,Fail
STU01762,22,Male,Electronics,4,Low,0,0,0,9.15,70.0,14.6,70.6,100.0,3,5.6,4.9,3,6.5,6.6,0,8.39,A,Pass
STU01763,20,Male,Business,1,Upper-Middle,1,0,0,8.21,63.4,14.2,72.6,93.2,2,6.1,4.3,5,6.3,3.3,1,8.03,A,Pass
STU01764,18,Female,Electronics,1,Low,1,0,0,6.57,71.1,10.9,56.8,67.0,2,4.6,2.9,0,7.8,2.9,2,5.97,D,Pass
STU01765,21,Male,Mechanical,8,Middle,1,1,0,8.81,86.0,12.1,69.7,97.6,4,8.9,0.1,4,5.7,5.4,2,7.47,B,Pass
STU01766,20,Female,Mechanical,3,Middle,1,0,0,6.87,65.3,12.8,80.9,75.6,1,8.3,4.2,0,5.8,3.6,1,7.1,B,Pass
STU01767,24,Female,Computer Science,5,Middle,1,0,1,6.6,64.3,8.3,73.0,80.0,6,7.3,7.6,5,8.0,1.2,0,6.16,C,Pass
STU01768,20,Female,Electronics,2,Middle,0,1,0,7.82,83.6,12.2,53.4,72.2,2,7.4,6.6,2,5.9,5.1,2,6.8,C,Pass
STU01769,23,Male,Electronics,3,High,1,1,1,5.82,73.6,10.7,68.0,91.1,0,6.6,2.7,1,4.8,2.7,0,7.01,B,Pass
STU01770,19,Female,Computer Science,7,Low,1,0,0,8.53,81.5,12.1,68.9,99.3,1,4.7,3.9,0,8.7,5.5,2,7.96,B,Pass
STU01771,24,Male,Computer Science,4,Upper-Middle,1,0,1,5.83,75.4,6.9,73.5,46.1,4,4.7,2.3,0,7.6,4.3,0,4.92,F,Fail
STU01772,21,Female,Business,4,Middle,1,0,0,5.83,59.8,10.4,48.4,60.1,1,7.1,6.2,3,7.0,2.3,2,6.73,C,Pass
STU01773,22,Male,Electronics,6,Low,1,0,0,6.02,67.2,6.5,51.9,72.1,1,6.1,6.3,3,6.8,5.8,2,5.9,D,Pass
STU01774,24,Male,Mechanical,1,Lower-Middle,1,0,0,8.19,94.1,12.2,69.7,99.9,2,5.7,4.8,3,6.7,6.0,1,7.92,B,Pass
STU01775,20,Female,Electronics,8,High,0,0,0,6.4,72.5,11.5,57.8,60.2,2,4.5,4.8,5,6.7,4.6,0,5.86,D,Pass
STU01776,22,Male,Business,4,High,1,1,0,5.45,68.2,14.1,69.1,75.6,0,7.4,6.0,2,5.9,7.6,1,6.87,C,Pass
STU01777,20,Male,Electronics,3,High,1,0,0,6.41,90.5,11.6,62.5,53.8,2,8.8,4.5,0,6.4,6.9,1,6.21,C,Pass
STU01778,22,Female,Electronics,4,High,1,0,0,7.16,64.6,12.7,52.5,79.7,0,3.9,5.2,4,6.9,5.2,1,6.96,C,Pass
STU01779,21,Female,Business,8,Lower-Middle,1,0,1,5.66,74.7,9.9,46.9,76.3,1,7.0,4.0,3,6.4,5.7,1,6.29,C,Pass
STU01780,19,Female,Business,8,Middle,1,0,1,5.7,81.8,5.2,79.2,54.3,0,7.7,3.3,2,7.2,5.3,1,5.57,D,Pass
STU01781,21,Female,Computer Science,8,Upper-Middle,1,1,1,9.94,87.1,17.2,85.0,93.2,0,6.5,3.2,5,6.2,2.6,1,9.17,A+,Pass
STU01782,23,Female,Business,3,Middle,0,0,0,6.08,77.3,9.1,63.1,69.0,1,8.7,3.0,2,6.3,4.0,2,5.79,D,Pass
STU01783,18,Male,Mechanical,2,Middle,1,0,1,6.78,66.0,11.5,56.6,70.0,1,5.8,2.7,3,6.9,3.1,1,6.4,C,Pass
STU01784,19,Male,Mechanical,6,Middle,1,0,0,6.72,68.1,10.8,65.4,81.0,0,3.8,5.3,1,7.5,3.1,1,6.85,C,Pass
STU01785,21,Male,Computer Science,1,Middle,1,1,0,6.65,76.3,11.4,80.5,66.1,1,6.5,3.3,0,4.0,5.8,1,6.68,C,Pass
STU01786,23,Female,Computer Science,4,Middle,1,0,0,8.01,86.4,12.1,75.9,78.8,0,9.4,2.3,3,7.6,2.9,2,7.98,B,Pass
STU01787,18,Female,Civil,3,Lower-Middle,1,1,0,8.43,91.1,14.0,67.7,72.1,1,7.0,2.5,4,5.0,2.5,1,7.58,B,Pass
STU01788,23,Male,Mechanical,5,Middle,1,0,0,6.8,86.6,6.9,55.8,72.4,0,5.8,3.8,0,6.5,4.9,1,6.09,C,Pass
STU01789,20,Male,Electronics,1,Middle,1,0,0,5.59,67.4,7.2,49.3,59.8,6,7.3,1.8,2,4.2,4.9,0,4.42,F,Fail
STU01790,20,Female,Civil,2,Middle,1,0,0,8.86,93.8,18.9,77.0,89.6,1,8.1,6.5,4,7.6,5.1,2,8.82,A,Pass
STU01791,22,Male,Civil,3,Lower-Middle,0,1,1,7.08,72.6,12.1,57.0,81.1,0,6.6,7.0,0,5.5,6.5,2,7.0,C,Pass
STU01792,19,Female,Computer Science,7,Upper-Middle,1,1,1,9.45,94.5,15.8,78.6,100.0,2,8.4,6.3,4,5.7,2.8,1,9.29,A+,Pass
STU01793,20,Male,Mechanical,7,Low,1,0,1,4.28,63.1,11.2,52.3,53.6,2,5.1,3.6,2,7.1,6.2,0,5.11,D,Pass
STU01794,24,Female,Computer Science,6,Middle,1,0,1,7.45,80.8,7.8,57.9,79.7,1,6.1,1.6,3,5.0,5.9,1,6.33,C,Pass
STU01795,23,Male,Civil,6,Upper-Middle,0,0,0,9.69,91.9,13.1,63.3,100.0,0,8.7,5.6,4,7.1,2.8,2,9.42,A+,Pass
STU01796,19,Female,Civil,2,Middle,1,0,1,6.74,60.9,15.6,72.1,68.6,3,4.6,5.5,3,7.6,3.3,1,6.14,C,Pass
STU01797,24,Female,Business,2,Lower-Middle,1,0,1,6.91,65.5,11.0,68.2,97.0,2,8.7,5.2,2,7.2,1.4,0,7.56,B,Pass
STU01798,20,Female,Computer Science,6,Upper-Middle,1,1,0,7.58,78.7,11.4,84.5,77.7,1,8.8,0.9,2,5.8,2.1,1,7.22,B,Pass
STU01799,22,Female,Computer Science,4,Middle,1,1,0,6.47,58.9,6.3,60.7,74.0,0,4.2,4.6,4,6.2,2.2,2,5.91,D,Pass
STU01800,21,Female,Electronics,4,Upper-Middle,1,0,1,6.79,80.6,11.9,64.1,84.4,2,9.2,2.0,4,6.9,3.1,0,7.2,B,Pass
STU01801,22,Female,Electronics,3,Upper-Middle,1,0,0,6.76,80.8,12.2,81.7,75.3,4,7.3,3.9,2,7.8,1.0,1,6.54,C,Pass
STU01802,24,Male,Computer Science,5,Middle,1,1,1,6.38,74.5,6.5,64.4,72.9,1,8.8,5.0,4,7.5,1.6,1,7.24,B,Pass
STU01803,18,Female,Business,3,Middle,1,1,0,8.8,75.0,14.2,67.2,97.8,1,7.0,1.9,4,5.8,5.4,1,7.88,B,Pass
STU01804,20,Female,Computer Science,5,Low,1,0,0,7.8,90.0,11.6,73.6,70.1,0,7.2,4.3,4,7.2,5.7,1,7.35,B,Pass
STU01805,24,Male,Electronics,2,Lower-Middle,1,0,0,7.53,93.9,12.8,46.9,80.3,2,7.3,4.4,5,6.3,2.3,1,7.13,B,Pass
STU01806,18,Female,Civil,1,Middle,1,0,0,8.25,82.4,10.1,85.5,80.1,4,3.4,4.0,4,7.4,5.4,0,6.72,C,Pass
STU01807,18,Female,Electronics,3,Middle,1,0,1,6.86,78.4,14.5,71.9,75.6,2,8.3,5.9,0,7.5,2.6,1,7.45,B,Pass
STU01808,23,Female,Civil,3,Middle,1,0,1,6.19,72.6,12.1,66.8,59.1,3,5.6,4.7,2,6.8,3.5,1,6.0,D,Pass
STU01809,19,Male,Computer Science,5,Lower-Middle,1,0,0,6.42,76.3,8.7,65.2,81.1,0,8.3,1.6,2,7.5,3.2,0,7.39,B,Pass
STU01810,23,Male,Mechanical,8,Low,1,0,0,7.2,75.1,10.8,66.7,94.5,3,9.3,4.4,1,7.0,2.0,1,6.84,C,Pass
STU01811,20,Female,Computer Science,2,Middle,1,0,1,5.82,68.8,8.2,55.3,74.2,3,5.6,3.4,3,7.0,4.0,1,5.89,D,Pass
STU01812,18,Female,Computer Science,2,Lower-Middle,1,0,1,6.55,80.0,7.8,74.2,82.4,0,6.0,3.2,1,6.1,4.6,1,6.77,C,Pass
STU01813,24,Male,Business,7,Upper-Middle,1,0,0,6.53,91.4,8.7,61.8,67.3,1,9.1,6.7,4,7.2,4.7,1,7.09,B,Pass
STU01814,21,Female,Computer Science,8,Low,0,1,0,9.96,78.6,16.1,69.0,100.0,0,6.2,7.8,4,5.6,6.8,1,9.53,A+,Pass
STU01815,18,Female,Mechanical,5,Middle,1,1,1,4.0,59.2,9.8,61.1,44.0,0,7.9,6.7,0,7.1,2.5,1,5.17,D,Pass
STU01816,24,Male,Electronics,2,High,1,0,1,6.97,65.4,13.8,57.2,86.7,1,5.2,5.6,0,6.2,4.3,1,6.95,C,Pass
STU01817,21,Female,Electronics,8,Lower-Middle,1,0,0,9.44,100.0,18.7,83.7,100.0,1,10.0,9.3,0,7.3,3.8,2,9.74,A+,Pass
STU01818,23,Male,Business,6,Middle,1,1,0,7.36,72.1,12.8,53.3,81.5,1,6.1,3.6,0,5.9,4.3,1,6.92,C,Pass
STU01819,23,Male,Computer Science,8,Low,1,0,1,8.18,69.4,10.0,52.0,98.4,0,7.0,3.5,0,7.3,4.6,1,8.25,A,Pass
STU01820,19,Male,Civil,4,Middle,1,0,1,7.33,81.8,11.5,71.4,84.5,3,8.6,3.6,0,6.9,4.6,0,6.79,C,Pass
STU01821,24,Female,Business,7,Middle,1,0,0,6.33,85.6,12.6,78.2,65.4,5,8.0,4.0,0,6.2,5.4,0,5.81,D,Pass
STU01822,18,Male,Mechanical,6,Middle,1,0,0,4.29,66.7,1.8,41.3,37.6,0,7.9,1.6,0,8.1,2.9,0,4.77,F,Fail
STU01823,22,Male,Business,1,Middle,1,0,1,7.47,79.0,13.8,72.6,91.2,1,4.8,5.5,5,6.1,3.2,2,8.03,A,Pass
STU01824,23,Male,Computer Science,3,High,1,1,0,6.19,74.2,16.4,59.1,87.6,3,6.1,6.6,0,6.8,3.8,1,6.77,C,Pass
STU01825,23,Female,Electronics,7,Lower-Middle,0,0,0,6.16,82.1,12.5,67.3,77.8,1,7.2,7.4,2,5.3,3.9,1,7.03,B,Pass
STU01826,19,Female,Electronics,1,Low,0,0,0,6.55,65.8,14.3,46.1,96.6,2,5.1,3.0,0,6.7,5.6,2,7.02,B,Pass
STU01827,21,Male,Civil,3,High,0,1,0,9.47,86.4,16.6,63.4,100.0,1,8.8,4.2,3,7.7,5.0,0,9.38,A+,Pass
STU01828,19,Male,Business,4,Middle,1,0,1,10.0,86.4,19.9,81.5,100.0,0,6.6,3.3,0,6.7,6.3,1,10.0,A+,Pass
STU01829,18,Female,Electronics,8,High,1,0,0,7.48,68.1,9.8,61.2,71.2,2,5.3,2.7,5,7.1,5.5,1,6.74,C,Pass
STU01830,24,Male,Civil,2,Middle,0,0,1,6.6,70.4,12.6,58.4,62.8,2,7.9,4.1,4,8.6,1.1,1,6.33,C,Pass
STU01831,20,Male,Computer Science,6,Upper-Middle,0,0,0,5.67,77.2,10.3,65.2,61.8,4,5.3,3.0,5,6.9,6.4,1,5.67,D,Pass
STU01832,20,Male,Mechanical,5,Middle,1,0,0,7.81,83.6,13.5,75.0,94.2,0,5.7,3.3,5,7.3,4.6,1,8.06,A,Pass
STU01833,24,Male,Mechanical,6,Upper-Middle,1,0,0,9.52,92.7,20.0,80.1,100.0,1,8.4,7.1,4,7.6,1.7,1,9.44,A+,Pass
STU01834,21,Male,Business,4,High,0,0,1,6.88,75.6,9.1,64.6,78.2,1,8.8,3.2,0,5.6,5.3,2,6.8,C,Pass
STU01835,23,Male,Mechanical,1,Middle,1,0,1,4.11,64.7,4.7,69.8,58.1,2,6.5,1.1,0,6.5,3.8,2,5.11,D,Pass
STU01836,21,Male,Electronics,5,Lower-Middle,1,0,0,8.07,74.0,13.4,74.1,86.2,0,4.3,5.3,4,7.1,1.5,2,8.34,A,Pass
STU01837,23,Female,Computer Science,2,Lower-Middle,1,0,1,8.48,79.9,10.9,72.1,95.1,0,8.0,3.4,3,5.4,2.9,2,8.35,A,Pass
STU01838,23,Male,Computer Science,4,Lower-Middle,1,0,1,5.14,67.2,8.0,60.9,66.9,2,5.5,5.1,1,8.4,3.2,1,5.75,D,Pass
STU01839,20,Female,Computer Science,5,Lower-Middle,1,0,1,7.43,79.4,6.7,74.2,55.7,0,8.6,2.8,2,7.8,2.6,1,7.05,B,Pass
STU01840,21,Female,Electronics,4,Lower-Middle,1,0,0,7.79,81.5,15.7,72.0,85.0,1,6.5,5.2,4,7.6,1.9,1,8.26,A,Pass
STU01841,19,Male,Business,8,Middle,1,1,1,7.1,74.4,11.3,75.3,88.0,0,8.4,4.8,0,7.5,4.1,2,7.72,B,Pass
STU01842,23,Female,Mechanical,4,Middle,1,0,0,6.17,67.8,7.8,69.7,69.5,1,5.8,0.3,2,7.7,4.4,1,5.84,D,Pass
STU01843,22,Male,Mechanical,2,Middle,1,0,0,8.52,100.0,11.5,69.8,78.0,0,7.0,6.3,0,6.8,1.7,0,8.52,A,Pass
STU01844,22,Female,Computer Science,7,Middle,1,1,1,6.68,80.6,9.6,57.5,48.7,1,4.2,5.1,1,4.6,10.0,2,5.46,D,Pass
STU01845,19,Male,Business,3,Low,0,0,0,5.27,69.7,9.6,54.8,58.0,3,5.5,2.7,1,6.3,2.7,2,5.04,D,Pass
STU01846,22,Male,Civil,5,Low,1,0,0,4.54,60.8,7.7,66.2,52.8,0,6.3,1.6,4,6.3,3.6,2,5.65,D,Pass
STU01847,18,Male,Computer Science,8,Lower-Middle,1,1,0,8.84,80.6,12.6,52.6,84.9,0,7.2,3.3,2,6.8,4.3,0,7.93,B,Pass
STU01848,23,Female,Civil,2,Middle,1,1,1,8.0,79.0,10.5,71.3,86.0,1,7.9,2.0,5,6.3,3.2,1,7.48,B,Pass
STU01849,19,Male,Mechanical,4,Lower-Middle,1,0,1,7.31,78.9,13.6,71.0,87.9,1,8.8,2.5,2,5.4,6.3,1,7.68,B,Pass
STU01850,21,Female,Computer Science,8,Lower-Middle,1,0,0,6.63,58.1,8.1,66.5,77.4,0,5.9,1.3,5,7.9,3.2,1,7.41,B,Pass
STU01851,23,Male,Mechanical,2,Middle,1,0,1,6.51,60.0,10.2,57.8,48.8,4,6.1,0.1,1,8.3,1.8,0,4.7,F,Fail
STU01852,19,Female,Mechanical,7,Upper-Middle,1,1,0,5.8,63.9,9.0,44.9,52.0,0,7.9,3.1,0,7.7,4.0,1,6.09,C,Pass
STU01853,20,Male,Computer Science,8,Low,1,0,0,6.64,74.9,11.2,55.3,71.5,1,7.1,4.2,5,5.9,1.0,0,6.76,C,Pass
STU01854,21,Female,Business,8,Middle,1,0,1,4.44,60.3,8.5,44.4,59.4,3,4.6,5.5,5,7.3,5.0,1,4.59,F,Fail
STU01855,20,Male,Business,3,Upper-Middle,1,1,0,6.24,83.0,5.7,64.4,69.7,1,6.4,4.2,4,5.2,6.9,2,5.59,D,Pass
STU01856,23,Male,Civil,6,Upper-Middle,1,0,0,6.8,62.1,4.9,55.4,72.9,1,2.9,1.4,3,8.9,1.0,2,6.52,C,Pass
STU01857,21,Male,Mechanical,5,High,1,1,0,7.99,74.0,11.3,52.7,81.6,2,5.3,4.0,1,6.2,4.1,0,6.92,C,Pass
STU01858,22,Male,Electronics,3,Low,1,0,1,7.15,87.9,16.7,87.4,81.9,0,4.9,7.7,5,6.6,2.1,1,8.67,A,Pass
STU01859,19,Female,Civil,1,Lower-Middle,0,0,0,8.23,82.2,19.5,56.1,90.0,2,7.6,6.2,1,6.4,3.9,0,7.8,B,Pass
STU01860,23,Male,Mechanical,5,High,1,0,1,8.95,91.8,20.4,88.6,100.0,0,9.4,7.4,4,7.3,6.1,0,9.78,A+,Pass
STU01861,18,Female,Computer Science,3,Middle,1,1,1,8.58,99.3,13.6,91.4,83.7,2,6.6,4.2,0,6.7,4.3,2,8.26,A,Pass
STU01862,21,Male,Mechanical,4,Middle,1,0,0,7.81,73.5,7.3,73.1,87.7,2,5.3,3.2,2,5.4,4.9,2,6.76,C,Pass
STU01863,21,Female,Business,5,Upper-Middle,1,0,1,7.22,75.3,4.4,58.2,73.1,3,8.2,2.4,1,8.4,1.0,2,6.3,C,Pass
STU01864,24,Male,Mechanical,5,Upper-Middle,1,0,0,5.92,67.4,7.0,63.9,63.4,1,5.7,2.6,4,7.5,2.1,1,6.55,C,Pass
STU01865,23,Male,Computer Science,2,High,1,1,0,8.16,65.2,12.7,46.3,82.0,2,6.6,6.4,4,7.6,3.3,2,7.31,B,Pass
STU01866,23,Female,Civil,4,High,1,1,1,9.38,84.4,19.7,79.8,93.1,0,8.3,5.6,4,7.9,2.9,0,9.46,A+,Pass
STU01867,20,Male,Computer Science,1,Upper-Middle,1,0,1,7.64,85.3,14.9,70.4,80.6,3,6.2,5.6,2,6.9,4.5,1,7.17,B,Pass
STU01868,24,Male,Electronics,6,Lower-Middle,1,0,0,9.69,92.8,17.1,71.6,100.0,1,6.6,8.8,1,7.9,4.5,0,9.27,A+,Pass
STU01869,22,Female,Computer Science,8,High,1,1,0,5.22,71.0,4.8,50.4,31.8,1,5.8,2.9,5,5.6,3.5,2,4.29,F,Fail
STU01870,20,Female,Electronics,7,Low,1,0,0,5.7,65.5,5.5,34.5,58.2,2,3.9,1.5,4,6.5,5.0,1,4.55,F,Fail
STU01871,24,Male,Civil,3,Lower-Middle,1,0,0,8.31,76.3,14.4,55.4,100.0,2,7.5,5.8,2,8.6,1.8,0,8.33,A,Pass
STU01872,20,Male,Mechanical,2,High,1,0,0,7.54,87.9,14.2,83.9,91.0,2,8.3,8.9,0,6.3,2.3,1,8.51,A,Pass
STU01873,22,Female,Computer Science,3,Lower-Middle,1,1,0,8.91,80.6,16.0,64.3,93.5,0,7.1,5.9,3,6.4,2.7,0,8.95,A,Pass
STU01874,24,Male,Business,1,Lower-Middle,0,0,1,7.18,78.3,8.3,65.3,75.8,2,9.0,4.7,1,6.1,4.5,0,6.72,C,Pass
STU01875,24,Male,Business,8,Low,1,0,0,6.07,71.7,11.1,69.6,64.3,1,6.2,4.3,2,6.3,1.0,0,6.62,C,Pass
STU01876,18,Male,Business,1,High,1,0,0,6.92,86.3,12.1,89.8,79.4,1,8.2,5.0,3,6.5,1.0,0,8.64,A,Pass
STU01877,20,Female,Computer Science,5,Middle,1,0,1,5.21,73.8,4.2,77.5,70.1,0,7.4,2.1,3,8.4,7.5,1,5.79,D,Pass
STU01878,20,Female,Mechanical,7,Upper-Middle,1,0,1,5.73,58.3,6.1,45.3,70.9,3,4.7,1.3,2,7.5,3.1,1,4.96,F,Fail
STU01879,21,Male,Business,1,Lower-Middle,1,0,0,8.46,72.8,16.0,44.3,100.0,1,8.4,6.4,5,7.8,5.0,1,7.92,B,Pass
STU01880,22,Male,Civil,3,Upper-Middle,1,0,0,8.33,86.3,13.0,95.4,85.3,2,7.5,3.1,5,5.2,4.5,1,7.81,B,Pass
STU01881,19,Male,Computer Science,4,Upper-Middle,0,0,1,7.67,77.8,17.1,89.4,97.4,1,8.4,5.7,2,7.0,2.4,2,8.45,A,Pass
STU01882,18,Female,Computer Science,4,Lower-Middle,1,0,0,4.96,61.2,8.4,58.6,40.9,4,4.1,6.4,2,6.6,5.8,1,3.92,F,Fail
STU01883,24,Male,Mechanical,5,Middle,1,1,0,6.73,81.8,9.0,56.4,70.2,4,7.3,3.6,4,6.7,3.9,1,5.46,D,Pass
STU01884,24,Male,Business,6,Lower-Middle,0,1,1,5.61,69.5,8.2,71.4,68.5,4,5.8,2.1,0,8.6,2.8,1,4.8,F,Fail
STU01885,24,Female,Mechanical,3,High,1,1,0,8.73,84.1,14.6,69.4,100.0,1,5.9,5.8,5,4.0,5.8,1,8.35,A,Pass
STU01886,18,Male,Mechanical,3,Middle,1,0,0,6.44,78.4,7.7,65.9,75.5,1,9.0,2.5,4,7.4,3.4,2,6.99,C,Pass
STU01887,24,Female,Computer Science,1,High,1,0,0,5.79,65.9,5.8,68.5,64.3,0,6.6,2.9,3,9.2,1.5,1,6.05,C,Pass
STU01888,24,Male,Civil,7,Lower-Middle,1,0,0,7.24,88.7,13.6,76.6,80.3,0,5.2,3.3,3,6.5,3.8,0,7.22,B,Pass
STU01889,22,Male,Business,3,Upper-Middle,1,1,0,6.37,65.5,12.3,47.5,79.0,2,5.5,5.9,3,6.3,3.1,1,6.4,C,Pass
STU01890,23,Male,Electronics,2,Upper-Middle,0,1,1,9.13,90.9,17.1,71.3,92.0,0,9.0,6.3,2,6.9,1.4,1,9.44,A+,Pass
STU01891,23,Female,Civil,6,Upper-Middle,0,1,0,6.24,82.7,14.0,76.2,66.4,1,5.9,3.7,1,4.0,8.6,1,6.58,C,Pass
STU01892,21,Female,Business,1,High,1,0,0,5.38,55.9,6.1,58.6,59.0,1,4.4,3.4,4,7.3,3.0,2,4.94,F,Fail
STU01893,21,Female,Computer Science,2,Middle,1,0,0,4.4,59.3,10.8,58.2,57.9,5,5.7,7.2,1,6.2,6.1,2,4.24,F,Fail
STU01894,24,Male,Mechanical,5,Low,1,0,1,7.16,84.9,8.6,80.3,57.4,5,8.0,2.4,0,9.0,1.7,0,5.61,D,Pass
STU01895,22,Female,Electronics,4,Upper-Middle,1,0,0,6.47,81.6,6.9,65.3,72.6,2,6.0,4.2,0,6.8,4.9,1,5.99,D,Pass
STU01896,24,Male,Civil,5,Upper-Middle,1,0,0,5.34,65.3,2.4,61.0,61.4,2,6.9,2.3,4,6.3,4.2,2,4.69,F,Fail
STU01897,21,Male,Mechanical,4,Middle,1,1,1,8.75,77.9,13.2,33.0,93.0,0,6.9,5.6,3,7.0,1.0,1,8.11,A,Pass
STU01898,18,Female,Mechanical,5,Lower-Middle,1,0,0,8.07,88.0,11.6,68.3,100.0,2,7.6,5.8,5,7.5,3.3,1,8.12,A,Pass
STU01899,18,Male,Civil,3,Middle,1,0,0,7.16,85.3,12.9,78.8,74.0,2,3.7,4.5,0,7.9,5.1,1,7.05,B,Pass
STU01900,19,Male,Electronics,2,Lower-Middle,1,0,0,8.97,75.6,15.7,61.4,95.0,0,6.8,5.9,1,8.9,1.2,1,8.77,A,Pass
STU01901,23,Male,Business,4,Middle,1,1,0,8.06,70.7,9.5,57.7,80.0,1,6.2,4.0,1,5.6,8.3,2,6.73,C,Pass
STU01902,22,Male,Mechanical,1,Middle,1,0,0,6.13,72.5,8.1,53.1,66.0,2,7.2,2.1,5,8.7,3.8,2,5.64,D,Pass
STU01903,20,Male,Computer Science,2,Upper-Middle,0,0,1,5.85,74.3,7.6,74.6,60.6,4,5.7,4.0,2,8.9,4.2,2,4.74,F,Fail
STU01904,23,Female,Civil,1,Lower-Middle,1,1,0,8.26,78.9,8.2,72.8,69.9,0,6.4,2.9,3,5.4,6.2,1,7.21,B,Pass
STU01905,20,Male,Civil,2,Middle,1,0,0,7.72,84.0,9.5,78.7,75.6,3,8.0,6.6,2,6.3,1.0,2,7.02,B,Pass
STU01906,19,Female,Electronics,2,Lower-Middle,1,0,0,7.42,71.4,9.5,45.6,77.8,6,8.7,3.1,4,7.0,4.2,0,5.15,D,Pass
STU01907,19,Female,Business,5,Lower-Middle,1,0,0,6.1,53.6,13.5,50.5,85.3,4,3.7,3.1,0,6.8,8.2,1,5.66,D,Pass
STU01908,24,Male,Business,4,Upper-Middle,0,0,0,7.99,76.6,13.6,63.1,100.0,2,7.6,6.7,5,8.7,3.6,0,8.01,A,Pass
STU01909,21,Male,Electronics,4,High,1,1,1,6.22,71.6,11.4,60.2,84.8,2,8.4,3.3,5,5.3,3.9,1,6.74,C,Pass
STU01910,19,Male,Business,7,Middle,1,1,0,7.07,73.1,6.6,57.7,64.8,1,7.7,1.2,5,6.4,2.2,0,6.33,C,Pass
STU01911,19,Female,Computer Science,2,Upper-Middle,1,0,1,9.08,76.1,18.7,62.2,96.2,2,8.5,7.2,2,6.2,1.9,2,8.54,A,Pass
STU01912,20,Male,Computer Science,3,High,0,0,0,6.34,57.2,13.6,62.8,73.4,2,5.0,7.1,2,7.1,2.2,1,6.74,C,Pass
STU01913,21,Female,Computer Science,3,Upper-Middle,1,0,0,5.16,61.7,1.3,37.9,68.7,2,7.9,2.5,4,9.1,1.5,0,4.48,F,Fail
STU01914,19,Male,Business,1,Lower-Middle,1,0,0,5.83,76.3,6.5,83.6,60.9,2,5.7,2.1,1,8.8,1.4,2,5.83,D,Pass
STU01915,23,Female,Civil,1,High,1,0,0,8.49,92.5,15.5,80.3,81.2,1,7.7,5.8,1,7.4,3.0,2,8.47,A,Pass
STU01916,19,Male,Computer Science,5,Middle,1,0,0,7.53,87.2,14.0,71.9,80.0,1,6.6,4.8,4,7.6,3.7,1,7.62,B,Pass
STU01917,21,Male,Electronics,2,Lower-Middle,1,0,0,7.03,68.6,9.0,70.2,82.7,1,5.7,6.2,5,7.5,1.2,0,7.57,B,Pass
STU01918,24,Female,Mechanical,1,Low,1,1,1,6.54,63.5,9.2,43.6,78.2,1,3.6,3.1,1,5.9,4.2,2,6.07,C,Pass
STU01919,22,Female,Computer Science,1,Middle,1,0,0,7.83,83.1,10.9,63.2,81.7,0,4.2,4.4,4,8.9,2.5,2,7.35,B,Pass
STU01920,21,Male,Business,6,Low,1,0,0,6.1,75.6,9.5,64.1,75.0,2,8.5,4.1,1,8.3,1.5,1,6.31,C,Pass
STU01921,20,Female,Business,2,Lower-Middle,0,0,0,7.6,81.2,15.8,82.4,65.0,1,4.4,4.0,4,7.2,4.4,1,7.95,B,Pass
STU01922,22,Male,Mechanical,8,Lower-Middle,0,1,0,6.25,55.1,7.2,52.6,67.7,1,6.1,2.9,1,6.0,4.8,1,5.34,D,Pass
STU01923,23,Female,Business,5,Upper-Middle,0,0,0,6.03,63.2,12.1,62.4,79.4,2,4.2,4.4,5,6.8,4.0,2,5.95,D,Pass
STU01924,18,Female,Electronics,1,High,1,0,0,6.37,71.6,7.4,57.1,59.5,2,5.3,5.3,2,7.3,3.0,1,6.14,C,Pass
STU01925,21,Male,Business,5,Lower-Middle,1,0,0,6.71,77.5,7.9,71.3,62.8,3,7.9,3.7,2,7.0,3.4,0,5.52,D,Pass
STU01926,24,Male,Civil,4,High,1,1,1,7.14,81.8,13.7,85.9,62.9,1,7.3,4.6,5,7.3,5.6,2,7.59,B,Pass
STU01927,20,Male,Mechanical,5,High,1,0,1,7.51,78.7,14.8,77.2,100.0,2,6.7,5.2,1,7.5,1.3,0,7.99,B,Pass
STU01928,23,Female,Computer Science,8,Upper-Middle,1,1,0,4.0,62.6,7.6,56.8,41.9,3,7.8,3.2,5,5.2,6.2,2,4.12,F,Fail
STU01929,22,Female,Business,3,Low,1,1,0,6.15,71.4,5.4,69.6,66.0,1,6.1,2.5,4,5.1,2.7,1,5.67,D,Pass
STU01930,23,Male,Electronics,8,Upper-Middle,1,1,1,6.69,78.9,9.0,73.1,78.3,4,8.8,5.1,2,7.2,3.6,1,5.88,D,Pass
STU01931,21,Male,Computer Science,3,High,1,0,0,9.16,88.3,17.8,78.0,100.0,1,5.8,7.8,0,5.8,6.3,0,9.15,A+,Pass
STU01932,19,Female,Computer Science,5,Upper-Middle,1,0,0,5.8,69.5,8.7,72.8,63.3,1,4.7,2.1,1,6.7,2.6,2,6.26,C,Pass
STU01933,24,Female,Mechanical,3,Lower-Middle,1,0,0,7.41,74.9,8.6,76.0,72.2,3,6.5,5.2,0,6.6,4.6,2,5.76,D,Pass
STU01934,21,Female,Mechanical,4,Middle,0,1,0,9.14,86.4,16.7,70.5,100.0,1,7.3,7.1,0,5.0,3.3,2,8.53,A,Pass
STU01935,18,Male,Civil,2,Middle,1,0,0,5.49,71.3,5.8,69.2,71.8,3,5.3,2.7,3,7.3,5.8,1,5.67,D,Pass
STU01936,21,Male,Business,3,Middle,1,0,0,7.71,80.7,17.8,64.6,89.4,0,6.6,4.1,0,6.9,1.5,0,8.69,A,Pass
STU01937,22,Male,Computer Science,3,Low,1,0,0,6.16,73.8,13.9,55.1,64.4,0,8.7,5.5,0,6.4,2.2,1,7.27,B,Pass
STU01938,22,Female,Civil,5,Lower-Middle,1,0,0,6.54,83.5,11.9,67.4,59.2,3,6.6,4.0,5,9.1,2.8,1,6.63,C,Pass
STU01939,21,Male,Computer Science,4,Upper-Middle,1,0,1,6.16,72.9,13.4,63.0,61.1,3,3.7,5.9,3,4.6,7.2,1,5.78,D,Pass
STU01940,22,Female,Business,7,High,1,0,0,6.25,66.1,9.7,43.0,78.3,0,3.7,4.9,3,6.1,5.4,2,6.41,C,Pass
STU01941,19,Male,Business,7,Low,1,0,0,10.0,97.1,19.3,86.8,100.0,0,10.0,8.8,3,6.4,3.9,1,10.0,A+,Pass
STU01942,23,Female,Mechanical,7,High,1,1,0,8.3,70.6,18.0,34.7,89.9,1,8.7,4.8,4,4.8,3.7,2,7.83,B,Pass
STU01943,21,Female,Civil,7,Lower-Middle,1,0,1,8.63,74.5,15.0,91.9,87.9,3,6.1,8.7,3,9.3,1.0,2,8.34,A,Pass
STU01944,24,Female,Electronics,2,Upper-Middle,1,0,1,7.84,81.9,11.9,84.1,85.9,2,8.3,5.9,5,9.2,4.2,0,8.2,A,Pass
STU01945,19,Male,Mechanical,8,Upper-Middle,1,0,1,5.11,69.7,2.1,59.2,49.0,1,6.9,2.7,4,6.3,4.9,2,4.57,F,Fail
STU01946,23,Male,Business,5,Upper-Middle,1,0,0,7.71,68.6,12.2,61.3,81.6,1,8.3,7.5,1,8.3,1.8,1,8.23,A,Pass
STU01947,24,Male,Mechanical,5,High,1,1,1,8.59,79.9,16.7,71.0,100.0,1,5.4,6.5,4,6.8,1.8,2,8.81,A,Pass
STU01948,24,Female,Electronics,6,Lower-Middle,0,0,1,6.09,65.6,12.0,53.5,86.5,2,4.7,6.2,1,8.7,5.2,1,6.14,C,Pass
STU01949,24,Female,Mechanical,4,High,0,0,0,8.45,78.4,15.4,69.0,78.0,2,8.9,5.9,3,6.9,5.1,1,7.74,B,Pass
STU01950,23,Female,Business,7,Low,0,0,0,8.12,88.1,11.6,71.4,90.1,0,5.2,5.7,3,7.4,3.7,0,7.77,B,Pass
STU01951,19,Female,Electronics,2,Upper-Middle,1,1,0,9.61,93.7,10.3,75.3,89.4,0,7.8,5.8,1,7.6,2.1,2,8.94,A,Pass
STU01952,24,Female,Computer Science,4,Upper-Middle,1,0,1,6.66,73.1,8.8,65.7,69.4,2,6.6,5.2,2,8.2,2.7,2,6.38,C,Pass
STU01953,24,Male,Civil,7,Upper-Middle,1,1,0,5.77,64.5,7.6,45.6,66.4,0,7.4,1.0,5,6.4,3.7,0,5.57,D,Pass
STU01954,20,Female,Business,2,Lower-Middle,1,0,0,6.73,62.9,9.5,58.1,71.1,3,6.4,3.2,4,6.1,5.6,2,5.23,D,Pass
STU01955,21,Male,Computer Science,4,High,1,0,1,9.07,96.7,17.0,79.7,100.0,2,7.6,7.9,5,6.2,2.3,1,9.01,A+,Pass
STU01956,23,Male,Computer Science,5,Lower-Middle,1,0,1,4.82,68.9,12.6,62.6,68.4,2,5.9,5.5,5,5.2,4.3,2,5.8,D,Pass
STU01957,23,Male,Computer Science,5,Low,1,1,1,4.51,56.9,6.4,52.0,54.7,2,4.4,2.8,0,7.0,4.2,0,4.28,F,Fail
STU01958,22,Male,Electronics,8,Upper-Middle,1,0,1,7.32,82.3,11.0,80.8,73.2,3,6.9,5.1,3,7.2,4.0,1,6.47,C,Pass
STU01959,23,Male,Mechanical,1,Middle,1,1,0,6.62,72.6,9.5,60.0,66.1,2,8.4,2.2,4,6.5,4.9,1,6.07,C,Pass
STU01960,19,Female,Civil,8,Upper-Middle,1,0,1,7.21,73.8,11.8,66.5,65.4,4,6.3,5.7,5,7.0,4.4,0,5.87,D,Pass
STU01961,23,Male,Civil,3,Middle,1,0,0,8.43,85.6,11.4,84.3,80.5,0,9.4,5.0,4,5.9,6.3,1,8.54,A,Pass
STU01962,20,Female,Mechanical,8,Lower-Middle,1,0,1,6.48,66.5,10.3,59.1,91.9,1,7.4,4.2,5,7.3,1.9,1,7.53,B,Pass
STU01963,21,Male,Electronics,7,Upper-Middle,0,1,0,4.77,61.1,7.9,58.8,47.7,5,6.8,3.1,3,6.8,6.1,1,3.69,F,Fail
STU01964,21,Male,Business,6,Middle,0,0,1,9.86,90.3,17.3,73.2,95.7,0,7.3,6.6,5,6.1,2.7,1,10.0,A+,Pass
STU01965,23,Male,Mechanical,4,Lower-Middle,0,1,1,5.9,65.5,10.2,71.7,70.6,0,5.3,3.6,1,6.2,4.1,2,6.27,C,Pass
STU01966,24,Male,Business,6,Upper-Middle,1,1,1,5.82,74.5,9.9,62.1,65.4,1,9.2,3.5,3,5.6,4.5,1,5.85,D,Pass
STU01967,18,Female,Mechanical,1,Middle,1,1,0,8.63,98.1,9.0,91.7,85.9,2,9.1,6.4,4,6.0,5.4,1,8.38,A,Pass
STU01968,18,Male,Computer Science,3,Middle,1,0,0,6.7,67.5,12.3,59.4,90.5,0,6.2,2.3,2,5.9,4.0,1,7.79,B,Pass
STU01969,24,Female,Civil,4,Middle,0,0,1,7.12,62.3,9.2,48.8,81.5,1,8.7,1.4,5,6.7,4.0,1,6.9,C,Pass
STU01970,24,Male,Electronics,2,Upper-Middle,1,1,0,7.83,63.1,9.4,64.7,76.6,1,7.1,5.0,1,7.8,2.7,2,6.83,C,Pass
STU01971,24,Female,Civil,7,Upper-Middle,1,0,1,8.61,81.8,10.9,66.1,85.7,2,5.0,2.4,3,6.5,1.2,2,7.15,B,Pass
STU01972,19,Female,Computer Science,3,Upper-Middle,1,0,0,6.77,68.5,11.8,67.3,71.3,3,5.8,1.5,0,6.3,4.4,0,5.98,D,Pass
STU01973,18,Female,Computer Science,5,Low,1,0,1,9.18,87.5,14.7,45.2,100.0,0,8.5,6.9,3,6.4,1.8,1,9.91,A+,Pass
STU01974,24,Male,Business,1,Upper-Middle,1,0,0,4.42,63.2,0.8,58.0,41.3,1,8.4,3.1,4,6.8,5.3,2,3.97,F,Fail
STU01975,19,Male,Computer Science,3,Upper-Middle,1,0,1,8.19,68.1,14.8,56.3,73.3,3,9.9,3.5,4,8.8,3.7,2,7.48,B,Pass
STU01976,22,Male,Business,7,Upper-Middle,1,0,1,6.11,56.0,4.9,43.0,62.3,0,5.8,0.0,0,8.4,2.0,1,5.55,D,Pass
STU01977,19,Female,Electronics,8,Middle,1,0,0,8.98,87.3,15.4,66.8,83.0,1,8.3,3.8,1,6.9,1.9,0,8.83,A,Pass
STU01978,18,Male,Mechanical,3,High,1,0,0,7.38,78.0,12.5,61.1,100.0,1,6.0,3.7,4,6.4,3.4,1,7.42,B,Pass
STU01979,23,Male,Civil,8,Upper-Middle,1,0,0,6.33,68.2,12.3,60.5,63.7,0,5.1,7.6,1,5.2,6.1,0,6.52,C,Pass
STU01980,22,Female,Mechanical,7,Low,1,0,0,8.06,67.1,18.5,46.6,93.0,1,3.8,5.9,1,6.1,6.0,2,7.54,B,Pass
STU01981,18,Male,Electronics,5,Middle,1,0,0,8.36,85.6,9.6,74.5,89.0,2,7.9,5.1,3,5.0,9.7,0,7.15,B,Pass
STU01982,19,Female,Computer Science,4,High,1,0,1,8.03,90.3,12.9,87.9,84.9,3,9.4,6.0,1,7.7,2.1,0,8.31,A,Pass
STU01983,20,Male,Computer Science,2,Low,1,0,0,5.86,71.5,7.9,65.7,61.5,3,7.7,5.4,5,8.3,2.8,1,5.46,D,Pass
STU01984,21,Male,Electronics,5,High,1,0,0,6.57,66.1,11.4,67.7,78.5,3,6.4,3.5,4,6.6,7.0,1,6.26,C,Pass
STU01985,18,Female,Civil,8,Upper-Middle,1,0,0,7.19,76.3,12.0,76.7,95.3,2,8.7,4.6,4,7.4,3.4,1,7.77,B,Pass
STU01986,24,Male,Business,8,Middle,1,1,0,7.15,64.8,10.2,71.2,85.1,3,10.0,3.7,2,5.1,2.3,1,6.47,C,Pass
STU01987,19,Female,Business,2,Lower-Middle,1,0,0,8.17,89.3,12.0,92.3,100.0,0,6.2,5.4,1,5.1,5.6,2,8.43,A,Pass
STU01988,24,Male,Civil,4,Lower-Middle,1,1,1,4.58,63.6,2.8,53.1,37.6,4,2.5,3.7,2,6.3,6.5,1,3.17,F,Fail
STU01989,24,Male,Civil,3,High,1,0,1,7.63,64.0,15.2,51.2,90.5,1,6.7,8.8,3,7.4,3.0,1,7.92,B,Pass
STU01990,24,Female,Civil,2,Lower-Middle,1,0,0,6.82,71.7,12.0,70.9,78.6,2,8.2,4.0,2,8.7,3.5,1,7.1,B,Pass
STU01991,24,Female,Electronics,1,Upper-Middle,1,0,0,6.11,74.3,12.0,71.6,74.8,5,4.4,4.8,1,9.1,4.3,1,5.76,D,Pass
STU01992,24,Female,Business,1,Middle,1,0,1,6.23,68.5,8.5,68.9,81.9,2,7.7,4.9,4,6.7,3.0,1,6.5,C,Pass
STU01993,22,Male,Civil,7,Low,1,0,0,6.92,72.4,8.9,82.3,71.8,1,6.1,4.6,3,7.9,5.7,1,6.8,C,Pass
STU01994,18,Female,Mechanical,5,Low,1,0,0,4.0,50.2,1.8,50.2,38.1,2,6.0,4.1,1,7.3,2.6,2,4.14,F,Fail
STU01995,18,Male,Computer Science,8,Middle,1,0,0,6.29,76.0,10.7,69.8,76.4,6,5.4,4.0,3,7.0,4.8,1,5.64,D,Pass
STU01996,21,Male,Electronics,4,High,1,0,0,6.06,65.1,6.0,49.3,45.9,3,4.8,2.2,0,7.0,3.5,2,4.55,F,Fail
STU01997,19,Female,Mechanical,7,Middle,1,0,1,7.89,62.2,18.3,78.7,90.8,1,4.5,8.6,1,6.9,2.0,1,8.03,A,Pass
STU01998,20,Male,Business,5,Middle,1,1,1,6.15,67.8,5.4,57.3,62.3,5,7.4,3.1,0,6.1,4.7,1,4.49,F,Fail
STU01999,22,Female,Mechanical,5,Lower-Middle,1,0,0,6.92,82.5,11.7,66.4,68.2,3,6.2,5.3,2,8.7,5.8,1,6.23,C,Pass
STU02000,19,Male,Electronics,7,Middle,1,0,0,9.2,82.9,20.1,66.3,100.0,2,7.6,6.9,1,7.2,3.3,1,8.91,A,Pass
STU02001,22,Male,Business,6,Middle,1,0,1,8.49,96.4,15.8,71.4,84.3,2,7.9,7.1,0,8.7,1.0,1,8.11,A,Pass
STU02002,18,Female,Computer Science,5,High,1,0,1,8.37,85.3,14.3,63.9,90.8,2,5.5,4.0,5,6.1,5.0,1,7.78,B,Pass
STU02003,24,Female,Electronics,6,Middle,1,1,1,6.55,75.5,7.2,60.0,72.0,0,6.9,2.5,4,4.0,4.3,0,6.98,C,Pass
STU02004,21,Female,Computer Science,1,Middle,1,0,1,7.91,78.5,8.7,53.4,95.2,0,7.3,0.0,2,6.5,5.5,1,7.58,B,Pass
STU02005,21,Female,Civil,1,Low,1,0,0,6.9,73.9,13.1,56.5,78.8,1,8.3,4.0,1,6.2,3.5,1,7.44,B,Pass
STU02006,23,Female,Business,5,High,1,1,1,6.95,72.6,15.4,83.1,91.4,1,8.9,7.0,1,4.7,1.9,2,8.37,A,Pass
STU02007,20,Female,Electronics,1,Lower-Middle,1,0,1,7.73,76.2,11.1,73.1,90.2,3,5.3,4.4,4,8.3,4.2,2,7.1,B,Pass
STU02008,21,Female,Business,4,Low,1,0,0,6.42,76.4,6.4,75.1,68.3,2,7.4,1.5,4,5.7,4.7,1,5.92,D,Pass
STU02009,24,Male,Electronics,6,Upper-Middle,0,1,1,9.14,78.2,7.9,78.7,79.7,0,3.6,5.5,0,6.8,4.4,1,7.15,B,Pass
STU02010,18,Male,Business,6,Middle,1,0,0,6.99,66.4,8.0,78.2,59.2,2,7.6,3.6,0,9.0,1.0,0,6.47,C,Pass
STU02011,20,Male,Civil,5,Middle,0,0,0,8.0,71.0,12.7,44.9,88.3,2,8.2,7.3,0,5.9,6.7,1,7.25,B,Pass
STU02012,19,Female,Business,1,Middle,1,0,0,9.09,100.0,20.0,67.7,99.3,0,4.0,8.3,3,6.8,4.1,2,9.36,A+,Pass
STU02013,24,Female,Computer Science,2,Upper-Middle,1,0,0,8.54,86.9,16.1,64.1,100.0,1,6.8,6.1,2,8.4,4.3,0,9.18,A+,Pass
STU02014,24,Male,Business,8,Lower-Middle,1,0,0,5.37,69.3,8.7,56.9,68.8,6,5.1,6.3,1,6.6,3.8,1,4.51,F,Fail
STU02015,21,Female,Civil,7,Upper-Middle,1,1,0,7.78,70.4,11.4,59.3,82.0,0,6.0,3.8,2,6.5,5.3,2,8.17,A,Pass
STU02016,20,Female,Electronics,7,Middle,1,0,0,8.31,86.5,11.9,67.4,77.1,2,6.5,2.9,4,7.6,3.5,2,7.57,B,Pass
STU02017,18,Male,Business,6,Middle,1,1,0,8.36,80.9,17.9,70.7,100.0,0,7.0,8.8,5,6.4,4.1,2,9.1,A+,Pass
STU02018,23,Female,Electronics,5,Middle,1,1,0,5.75,70.5,9.1,62.6,54.8,5,8.0,4.6,2,5.8,2.9,2,5.47,D,Pass
STU02019,22,Female,Business,5,Lower-Middle,1,0,0,6.35,63.9,3.4,51.1,55.2,1,5.7,4.1,2,6.2,5.3,2,4.54,F,Fail
STU02020,22,Male,Computer Science,4,Upper-Middle,1,0,1,8.49,83.7,12.0,48.5,80.5,0,5.7,5.9,0,5.9,6.9,0,7.62,B,Pass
STU02021,18,Female,Civil,3,Middle,1,0,0,6.21,67.7,6.8,50.7,64.5,1,6.1,5.5,4,7.6,2.1,1,5.94,D,Pass
STU02022,18,Male,Mechanical,8,Lower-Middle,0,1,0,6.81,67.9,9.0,55.3,85.0,6,6.0,2.9,2,5.5,3.6,1,5.17,D,Pass
STU02023,22,Female,Computer Science,3,Middle,1,1,1,9.25,92.1,17.2,72.8,100.0,0,7.5,5.9,1,7.4,7.7,1,9.33,A+,Pass
STU02024,23,Female,Computer Science,6,High,1,0,1,7.14,63.4,11.0,46.7,73.8,2,5.2,4.0,0,8.6,1.8,2,6.42,C,Pass
STU02025,20,Female,Computer Science,7,Middle,1,0,1,6.26,75.8,9.3,60.6,53.9,3,7.3,3.5,2,5.8,3.5,1,5.99,D,Pass
STU02026,22,Male,Mechanical,4,High,1,0,0,6.06,75.8,13.1,54.2,77.7,1,8.7,2.6,4,7.7,4.8,0,7.05,B,Pass
STU02027,18,Female,Electronics,4,Lower-Middle,0,1,0,7.63,71.1,10.2,61.4,73.5,1,4.7,4.3,5,8.3,5.8,1,6.78,C,Pass
STU02028,21,Female,Mechanical,4,Low,1,0,1,5.47,60.8,13.5,45.7,69.1,1,6.7,6.2,1,6.1,1.0,1,6.55,C,Pass
STU02029,19,Male,Electronics,6,Lower-Middle,1,0,0,6.88,72.6,8.7,55.1,70.0,1,8.1,2.6,5,8.2,3.8,2,6.23,C,Pass
STU02030,23,Female,Electronics,3,Middle,1,1,0,7.63,80.4,12.5,55.2,92.5,0,6.4,3.4,4,6.8,3.7,1,7.89,B,Pass
STU02031,24,Male,Civil,7,Lower-Middle,1,0,0,8.89,83.2,13.9,68.4,94.3,1,9.0,5.0,4,8.0,2.3,1,8.86,A,Pass
STU02032,23,Female,Computer Science,4,Low,1,0,1,8.07,83.8,13.5,61.6,88.2,0,7.1,6.2,4,6.2,5.9,1,7.87,B,Pass
STU02033,21,Male,Business,7,High,1,0,0,6.27,85.5,10.9,80.3,76.1,1,5.6,2.6,5,8.9,2.5,1,7.4,B,Pass
STU02034,21,Male,Business,1,Upper-Middle,1,0,1,8.73,79.6,15.8,71.8,100.0,1,5.1,9.2,3,6.3,3.9,2,8.17,A,Pass
STU02035,24,Male,Civil,5,Upper-Middle,1,0,1,6.81,60.3,8.4,55.5,81.4,1,7.2,1.6,1,7.6,2.8,1,7.34,B,Pass
STU02036,18,Female,Mechanical,5,Lower-Middle,1,1,0,5.59,74.6,4.8,56.8,57.6,3,7.8,1.6,4,6.1,3.5,2,4.89,F,Fail
STU02037,22,Male,Business,7,Low,0,0,1,6.98,88.3,18.5,76.8,86.0,3,9.8,8.2,3,7.5,3.1,2,7.83,B,Pass
STU02038,20,Female,Computer Science,2,Low,1,0,1,9.07,88.5,13.7,80.0,91.7,2,8.4,6.6,0,6.0,5.8,2,8.65,A,Pass
STU02039,23,Male,Computer Science,2,Upper-Middle,1,0,1,7.41,68.4,13.9,62.5,74.5,2,6.3,6.5,3,5.8,5.3,1,7.13,B,Pass
STU02040,24,Male,Computer Science,6,High,1,0,0,7.22,75.1,6.6,81.1,68.1,4,7.5,2.0,0,7.3,3.4,2,6.57,C,Pass
STU02041,23,Female,Civil,6,Middle,1,0,1,9.33,77.7,14.8,71.2,92.7,0,7.0,4.7,5,6.6,4.7,1,9.33,A+,Pass
STU02042,21,Female,Computer Science,5,Low,1,1,0,5.34,71.8,7.3,72.2,66.0,3,6.1,1.9,3,5.8,5.9,2,4.71,F,Fail
STU02043,22,Male,Mechanical,1,Middle,1,1,1,5.53,56.8,9.5,55.4,52.9,5,5.0,3.4,5,6.7,5.3,2,4.11,F,Fail
STU02044,23,Female,Business,8,Lower-Middle,1,0,0,5.1,63.1,0.0,64.6,62.1,1,3.6,1.6,4,5.5,4.6,2,4.33,F,Fail
STU02045,20,Female,Business,3,Middle,1,0,0,7.68,70.4,12.9,54.3,92.4,5,5.4,3.6,3,8.2,4.1,2,6.78,C,Pass
STU02046,21,Female,Mechanical,3,Middle,1,0,1,7.42,78.1,8.4,62.3,77.6,2,6.9,0.9,3,7.1,1.0,1,7.19,B,Pass
STU02047,20,Male,Computer Science,6,Upper-Middle,1,1,1,9.21,83.1,16.4,73.4,100.0,0,3.1,7.7,4,7.0,7.2,0,8.45,A,Pass
STU02048,22,Male,Business,1,Low,1,0,0,7.52,79.0,8.9,70.8,73.3,2,6.2,3.4,0,7.5,5.9,1,6.66,C,Pass
STU02049,23,Female,Mechanical,6,Low,0,1,0,6.67,73.6,7.8,69.2,73.4,0,8.1,4.5,4,6.8,4.8,2,6.55,C,Pass
STU02050,19,Male,Computer Science,8,High,1,0,0,7.2,68.1,10.6,71.9,89.2,3,8.4,3.7,1,5.8,5.9,1,7.05,B,Pass
STU02051,23,Female,Computer Science,3,Lower-Middle,1,1,1,7.35,81.8,8.5,54.8,70.1,0,6.3,4.4,3,7.4,3.6,1,7.09,B,Pass
STU02052,22,Female,Business,7,Low,1,1,1,5.03,64.7,5.6,49.1,39.6,1,5.4,6.2,1,6.5,3.4,1,5.05,D,Pass
STU02053,23,Female,Civil,6,Lower-Middle,1,1,1,10.0,82.1,13.4,71.6,100.0,0,6.0,3.3,4,5.7,2.9,1,8.82,A,Pass
STU02054,24,Female,Business,4,Low,0,0,0,7.88,97.3,7.3,71.1,83.0,0,7.0,2.0,5,6.9,5.3,2,7.52,B,Pass
STU02055,23,Female,Business,7,Middle,1,0,0,7.47,81.2,15.0,100.0,74.6,1,8.8,4.1,4,7.4,1.8,1,8.29,A,Pass
STU02056,18,Male,Mechanical,8,Upper-Middle,1,0,1,8.0,78.8,9.1,72.4,75.6,1,9.4,6.9,2,7.2,2.3,2,7.64,B,Pass
STU02057,23,Female,Mechanical,8,Lower-Middle,0,1,1,8.12,91.9,12.7,74.4,79.6,2,5.1,4.8,1,6.8,4.7,1,7.45,B,Pass
STU02058,23,Male,Electronics,6,Middle,1,0,0,7.02,89.8,13.3,68.7,72.8,5,6.3,6.3,2,8.7,2.9,2,7.0,C,Pass
STU02059,20,Male,Electronics,5,Upper-Middle,1,1,1,6.38,70.7,7.9,57.6,65.3,1,3.7,0.0,1,5.2,6.2,1,6.12,C,Pass
STU02060,19,Female,Electronics,6,Middle,1,1,0,7.98,82.7,10.5,69.9,81.7,3,7.1,4.7,5,7.0,1.0,1,7.05,B,Pass
STU02061,20,Female,Civil,5,High,0,0,0,7.7,70.6,13.1,63.5,78.8,2,5.8,4.4,2,6.9,3.8,2,7.65,B,Pass
STU02062,20,Female,Mechanical,8,High,1,1,0,6.15,69.6,12.6,57.2,64.8,7,7.0,6.9,2,7.3,4.7,1,4.86,F,Fail
STU02063,21,Female,Business,1,Low,1,0,0,9.04,83.6,11.6,67.4,92.0,3,8.2,5.5,1,8.6,1.7,1,8.37,A,Pass
STU02064,18,Male,Electronics,8,Upper-Middle,1,0,0,7.58,79.4,11.7,81.1,84.4,0,7.8,3.9,4,7.2,2.0,1,7.97,B,Pass
STU02065,20,Male,Mechanical,3,Middle,1,0,0,8.15,83.4,8.1,83.9,79.7,1,4.7,5.8,0,7.6,5.4,1,7.15,B,Pass
STU02066,24,Female,Mechanical,7,High,1,0,0,9.01,89.5,13.8,76.2,100.0,1,7.4,7.7,4,8.2,2.2,1,9.54,A+,Pass
STU02067,22,Male,Mechanical,7,Middle,1,1,1,7.23,78.0,11.6,53.4,84.8,2,4.4,6.7,0,7.2,4.7,0,6.87,C,Pass
STU02068,24,Male,Civil,2,High,1,0,0,7.61,68.4,9.7,66.4,64.6,1,9.0,5.0,1,8.3,2.0,1,7.49,B,Pass
STU02069,22,Male,Computer Science,2,Upper-Middle,1,0,0,8.25,73.8,12.1,79.8,93.8,0,6.2,4.2,3,6.7,4.1,1,8.49,A,Pass
STU02070,23,Male,Mechanical,8,Lower-Middle,1,0,0,6.26,66.9,5.3,73.8,70.5,0,4.3,2.9,4,6.5,7.1,1,6.14,C,Pass
STU02071,21,Male,Computer Science,3,Middle,1,1,0,7.27,74.1,11.8,71.8,75.9,1,5.9,3.9,2,5.1,6.1,1,7.02,B,Pass
STU02072,18,Male,Electronics,2,High,1,0,1,7.36,85.2,14.9,85.4,69.8,1,7.6,5.8,4,6.8,1.8,2,8.22,A,Pass
STU02073,24,Male,Mechanical,7,High,1,1,0,5.96,60.5,5.6,56.8,62.5,0,7.1,1.8,1,6.1,3.6,1,5.96,D,Pass
STU02074,18,Male,Civil,6,Low,0,0,1,10.0,87.1,15.1,78.6,100.0,0,9.3,5.3,3,6.9,2.5,2,9.52,A+,Pass
STU02075,24,Female,Business,1,Upper-Middle,1,0,1,5.37,74.5,9.2,57.9,50.8,0,6.8,7.0,3,7.5,3.8,1,6.26,C,Pass
STU02076,23,Male,Mechanical,1,Lower-Middle,1,0,0,5.51,65.2,11.7,62.0,51.6,2,5.8,5.0,4,7.5,5.1,1,5.99,D,Pass
STU02077,22,Male,Civil,3,Low,1,0,0,8.91,88.2,10.3,86.2,90.8,2,8.4,3.5,4,6.9,3.4,0,8.21,A,Pass
STU02078,19,Female,Mechanical,8,Middle,1,1,0,8.13,79.5,12.7,61.8,86.0,2,8.0,3.2,5,6.5,3.7,0,7.33,B,Pass
STU02079,21,Male,Mechanical,2,Lower-Middle,1,0,0,5.87,71.4,9.6,54.2,62.3,0,6.7,3.7,4,7.8,1.0,1,6.31,C,Pass
STU02080,24,Female,Computer Science,6,Upper-Middle,1,1,1,7.99,78.1,12.7,67.8,86.3,1,8.1,5.9,1,5.4,6.3,1,7.94,B,Pass
STU02081,24,Female,Electronics,1,Lower-Middle,1,0,0,9.11,90.9,7.8,72.3,79.2,0,6.6,3.5,0,7.9,3.0,2,8.04,A,Pass
STU02082,23,Male,Electronics,1,Upper-Middle,1,0,0,7.16,63.4,12.8,64.6,76.3,3,6.1,4.8,5,6.4,4.7,1,6.59,C,Pass
STU02083,21,Male,Mechanical,4,Low,0,1,0,10.0,87.1,21.6,67.7,100.0,1,4.3,8.1,0,7.6,4.5,2,9.33,A+,Pass
STU02084,22,Female,Computer Science,8,Lower-Middle,0,1,0,4.96,67.2,7.3,77.5,52.9,1,8.4,3.8,2,6.4,2.5,2,5.85,D,Pass
STU02085,22,Female,Computer Science,4,Lower-Middle,1,0,0,8.1,84.8,10.1,58.0,68.2,1,6.5,5.1,1,7.1,3.4,0,7.28,B,Pass
STU02086,24,Male,Electronics,7,Lower-Middle,1,0,0,8.72,95.5,12.9,89.9,88.5,0,9.9,6.0,5,5.2,2.7,1,9.53,A+,Pass
STU02087,19,Female,Business,1,Low,1,0,0,8.36,78.7,19.0,59.6,87.0,2,5.9,6.6,3,7.7,5.7,1,8.54,A,Pass
STU02088,19,Male,Electronics,3,Lower-Middle,0,0,0,6.93,86.5,13.6,53.9,82.5,0,7.8,4.9,5,7.1,1.0,1,7.83,B,Pass
STU02089,18,Female,Mechanical,5,Middle,1,1,1,6.82,68.8,12.6,63.7,80.8,2,6.5,4.8,2,6.4,2.8,1,7.22,B,Pass
STU02090,21,Male,Computer Science,5,Lower-Middle,0,1,1,7.78,89.5,13.6,71.2,70.0,2,6.6,5.9,3,6.1,3.9,2,7.09,B,Pass
STU02091,21,Female,Mechanical,6,Middle,0,0,0,8.26,87.8,11.5,61.6,95.5,2,8.1,6.1,5,7.6,5.2,2,8.0,B,Pass
STU02092,22,Female,Electronics,1,Middle,0,1,0,7.98,72.6,12.4,46.8,75.6,1,8.5,4.2,3,7.0,4.3,2,6.89,C,Pass
STU02093,18,Female,Computer Science,1,High,1,0,1,8.55,85.2,13.9,71.0,100.0,1,9.9,4.9,4,7.5,1.0,1,9.16,A+,Pass
STU02094,23,Male,Mechanical,7,High,1,0,0,5.88,69.0,10.4,71.1,67.0,4,7.6,2.9,3,8.3,2.6,1,5.87,D,Pass
STU02095,21,Male,Computer Science,1,Middle,1,0,0,6.9,79.5,15.3,73.6,69.2,4,5.2,3.4,5,6.3,5.8,1,6.46,C,Pass
STU02096,18,Male,Computer Science,3,Lower-Middle,1,0,0,5.98,68.1,12.3,61.4,59.2,1,4.3,2.8,3,6.4,8.2,1,5.39,D,Pass
STU02097,18,Male,Computer Science,4,Low,0,0,1,6.7,71.0,6.1,67.4,72.4,1,8.3,1.3,1,7.4,2.6,1,5.79,D,Pass
STU02098,24,Male,Computer Science,1,High,1,0,0,8.52,93.6,14.7,75.9,89.9,2,6.2,4.4,4,7.7,1.8,1,8.05,A,Pass
STU02099,22,Female,Computer Science,1,Low,1,0,1,7.34,75.9,13.9,51.3,82.4,3,7.7,5.9,4,7.5,3.7,2,7.25,B,Pass
STU02100,18,Male,Electronics,7,Lower-Middle,1,0,1,10.0,96.6,18.9,63.8,100.0,1,8.0,5.0,2,5.7,4.1,2,9.74,A+,Pass
STU02101,19,Male,Business,8,Lower-Middle,0,1,1,7.45,75.5,10.0,63.2,72.6,3,8.8,4.0,4,5.0,5.1,1,6.62,C,Pass
STU02102,19,Female,Mechanical,2,Lower-Middle,1,0,1,7.28,89.7,20.3,72.2,91.2,2,8.3,8.3,0,6.8,4.5,2,8.45,A,Pass
STU02103,20,Female,Mechanical,8,Lower-Middle,1,0,0,7.34,71.3,7.8,71.3,90.3,2,6.5,2.1,1,5.2,5.4,1,6.78,C,Pass
STU02104,22,Female,Electronics,7,Upper-Middle,1,1,0,6.37,66.9,6.5,67.7,69.5,1,9.4,2.2,2,6.5,4.1,0,5.98,D,Pass
STU02105,24,Female,Business,8,Low,1,1,1,7.12,87.8,12.0,78.7,63.3,4,8.6,2.6,0,6.1,6.2,2,6.62,C,Pass
STU02106,23,Male,Electronics,7,Middle,0,1,1,8.67,79.8,20.7,65.1,100.0,2,7.8,5.8,3,5.3,4.0,2,8.39,A,Pass
STU02107,20,Male,Computer Science,3,Low,1,0,0,7.35,89.5,9.2,59.9,66.2,3,6.5,5.8,0,6.4,2.4,1,6.89,C,Pass
STU02108,19,Female,Mechanical,6,Low,1,0,1,6.17,78.0,8.5,70.9,81.7,2,5.2,4.3,2,7.1,4.7,0,6.38,C,Pass
STU02109,24,Female,Computer Science,1,High,1,0,0,6.0,68.7,12.2,66.5,62.4,1,6.0,7.9,4,5.5,3.0,2,7.0,B,Pass
STU02110,20,Male,Electronics,7,Lower-Middle,1,0,0,6.61,58.6,10.2,31.3,100.0,1,3.7,2.9,1,6.4,3.4,0,6.65,C,Pass
STU02111,22,Female,Mechanical,7,Upper-Middle,1,1,0,7.3,76.3,10.6,57.5,93.7,0,6.3,6.4,2,5.9,3.3,1,7.74,B,Pass
STU02112,24,Male,Business,2,Middle,1,0,0,8.75,84.6,16.2,63.8,89.5,0,8.4,4.8,0,6.7,1.6,1,8.72,A,Pass
STU02113,22,Male,Mechanical,7,Low,1,0,0,5.46,76.6,8.7,67.2,62.3,2,8.3,2.9,0,6.7,5.2,2,6.47,C,Pass
STU02114,18,Female,Civil,5,High,0,0,0,6.78,86.6,13.7,63.9,86.2,2,6.8,9.2,2,8.4,3.0,1,7.92,B,Pass
STU02115,21,Female,Business,6,Lower-Middle,1,0,0,7.39,71.5,15.6,62.5,93.7,2,10.0,4.4,5,7.9,3.3,2,8.12,A,Pass
STU02116,18,Female,Computer Science,1,High,1,1,0,4.82,70.5,7.6,60.2,60.0,2,8.4,5.6,5,5.6,4.9,1,5.39,D,Pass
STU02117,22,Male,Electronics,1,Lower-Middle,1,0,0,6.12,76.7,10.1,64.4,81.6,2,6.8,4.0,2,6.0,4.1,1,6.35,C,Pass
STU02118,24,Female,Electronics,2,High,1,0,1,6.32,80.2,10.3,60.9,69.6,2,8.7,2.5,5,6.6,4.9,2,6.59,C,Pass
STU02119,19,Male,Electronics,3,Low,1,0,0,6.17,74.8,10.8,58.5,66.6,1,5.9,2.1,2,8.2,2.6,1,6.41,C,Pass
STU02120,23,Male,Electronics,1,Middle,1,0,0,7.45,61.7,12.1,46.2,78.6,1,6.5,4.8,4,4.9,4.9,1,6.81,C,Pass
STU02121,19,Female,Business,5,Upper-Middle,1,0,0,6.99,73.7,11.0,68.0,85.7,1,6.1,2.6,2,7.1,2.8,1,7.49,B,Pass
STU02122,24,Female,Civil,1,High,1,0,0,6.48,63.1,13.5,63.6,79.7,3,4.3,4.6,3,6.7,6.8,2,6.27,C,Pass
STU02123,18,Female,Mechanical,5,High,0,0,1,7.76,77.2,17.1,58.6,93.4,0,7.7,3.3,1,8.2,2.6,0,8.45,A,Pass
STU02124,23,Female,Electronics,6,Upper-Middle,1,1,0,9.44,95.0,11.4,92.2,100.0,0,7.7,4.9,1,7.2,4.3,1,9.65,A+,Pass
STU02125,24,Female,Business,6,High,1,1,1,9.33,89.1,15.7,70.3,81.0,0,7.6,3.4,3,4.7,4.0,1,8.31,A,Pass
STU02126,22,Female,Business,4,Lower-Middle,0,1,0,4.7,72.7,4.3,78.9,53.9,2,6.6,2.2,0,7.4,4.9,1,4.29,F,Fail
STU02127,19,Male,Business,4,Lower-Middle,1,1,0,7.95,82.5,12.0,63.1,88.1,0,5.8,2.5,0,4.0,7.0,0,7.25,B,Pass
STU02128,22,Male,Computer Science,5,Lower-Middle,1,0,0,6.97,64.5,12.1,38.4,95.0,0,8.6,6.5,0,7.6,1.0,2,7.89,B,Pass
STU02129,23,Male,Mechanical,3,Middle,1,0,0,7.4,56.8,13.8,58.1,68.5,3,6.2,2.0,0,7.7,3.5,1,6.47,C,Pass
STU02130,23,Male,Computer Science,1,Middle,0,0,0,6.68,74.6,10.0,67.2,89.1,0,6.3,3.6,4,8.7,3.1,0,7.21,B,Pass
STU02131,19,Female,Electronics,7,Middle,0,1,0,7.35,75.1,6.0,65.4,74.7,0,4.8,3.6,3,6.4,4.3,1,7.66,B,Pass
STU02132,22,Male,Computer Science,1,Lower-Middle,1,1,0,7.4,69.2,8.9,55.1,82.7,2,8.6,4.2,1,5.5,6.2,2,6.62,C,Pass
STU02133,20,Male,Mechanical,4,Upper-Middle,1,1,0,6.45,58.6,12.6,54.8,91.4,0,7.3,2.9,3,5.2,2.9,0,7.17,B,Pass
STU02134,22,Male,Civil,8,Lower-Middle,0,0,1,6.03,64.3,0.8,53.5,62.9,0,6.2,0.0,1,8.5,2.4,1,5.0,D,Pass
STU02135,23,Female,Computer Science,7,Lower-Middle,1,1,0,6.62,71.5,13.8,59.9,81.5,1,4.7,6.3,0,7.9,2.6,2,6.72,C,Pass
STU02136,22,Male,Electronics,5,Middle,0,0,0,7.5,82.8,13.6,78.1,86.7,1,9.6,4.9,4,6.6,4.7,0,7.45,B,Pass
STU02137,24,Female,Mechanical,7,Upper-Middle,1,0,0,7.98,81.4,16.9,70.7,87.3,0,6.5,4.5,2,7.0,2.3,0,8.98,A,Pass
STU02138,18,Male,Electronics,8,Upper-Middle,1,0,0,8.31,94.4,13.0,82.7,89.8,0,6.7,6.1,2,8.4,1.0,1,9.33,A+,Pass
STU02139,20,Male,Computer Science,1,Middle,1,0,0,6.56,64.5,3.9,56.4,58.0,4,6.2,1.3,5,7.8,4.1,2,4.74,F,Fail
STU02140,21,Female,Electronics,1,Lower-Middle,1,0,1,7.57,84.9,13.4,67.5,84.2,0,7.8,4.0,0,6.8,3.4,0,7.76,B,Pass
STU02141,24,Female,Civil,3,Middle,1,0,1,8.45,82.6,17.7,58.0,73.5,1,6.9,5.0,0,6.2,5.8,2,7.84,B,Pass
STU02142,18,Male,Computer Science,2,Low,1,0,0,8.72,89.1,17.2,69.8,100.0,0,2.4,5.0,3,6.2,6.8,1,9.14,A+,Pass
STU02143,21,Female,Computer Science,7,Middle,1,0,0,7.12,72.1,9.3,30.1,74.9,3,7.0,2.6,4,8.0,3.1,1,5.89,D,Pass
STU02144,19,Female,Electronics,4,Middle,1,1,0,6.91,83.1,11.1,64.0,73.2,1,8.5,4.8,4,5.8,1.8,1,6.9,C,Pass
STU02145,21,Male,Business,8,Low,0,0,1,7.45,79.6,10.3,66.9,82.1,3,5.6,6.4,3,6.6,2.6,2,6.73,C,Pass
STU02146,24,Female,Civil,8,Lower-Middle,1,0,0,5.71,63.1,6.0,63.5,46.5,2,8.5,0.7,4,7.6,1.0,1,5.1,D,Pass
STU02147,22,Female,Civil,8,High,1,1,0,6.95,74.6,13.8,62.1,99.4,2,8.0,4.6,4,6.3,3.6,1,7.76,B,Pass
STU02148,24,Female,Electronics,4,High,0,1,0,8.17,78.9,9.7,70.8,84.0,0,7.6,3.7,2,6.6,2.8,1,7.07,B,Pass
STU02149,21,Female,Mechanical,2,Middle,1,0,1,8.03,84.1,10.4,48.7,83.3,1,5.7,4.8,4,6.7,4.0,0,7.44,B,Pass
STU02150,23,Female,Computer Science,1,Low,1,0,0,6.85,64.8,7.4,58.3,62.0,1,6.7,4.7,0,6.6,4.3,0,5.91,D,Pass
STU02151,18,Female,Mechanical,3,Lower-Middle,1,0,0,7.48,77.2,7.5,49.5,77.1,0,7.4,3.0,2,6.3,6.9,0,6.7,C,Pass
STU02152,18,Female,Business,3,Middle,1,0,1,6.13,73.8,9.7,52.2,82.5,5,6.6,3.0,0,7.7,4.3,1,5.86,D,Pass
STU02153,21,Female,Mechanical,4,High,0,0,0,8.11,80.8,16.7,66.6,100.0,0,8.4,6.9,0,7.1,3.3,0,8.58,A,Pass
STU02154,18,Female,Business,3,Low,1,1,1,7.1,86.3,10.6,84.5,86.1,5,6.8,1.7,3,6.5,1.7,2,6.58,C,Pass
STU02155,23,Female,Civil,8,Upper-Middle,1,0,0,6.84,80.4,6.2,72.0,75.6,1,6.6,0.0,5,6.0,4.5,2,6.59,C,Pass
STU02156,24,Female,Computer Science,6,Low,1,1,1,6.73,73.6,13.0,64.3,73.8,1,5.7,8.8,4,6.9,5.5,0,7.18,B,Pass
STU02157,18,Male,Business,2,High,1,1,1,7.12,77.3,16.3,66.2,70.0,0,6.2,4.7,4,6.5,4.8,1,7.67,B,Pass
STU02158,21,Female,Computer Science,1,Middle,1,1,0,6.62,75.5,8.3,58.1,68.9,1,6.5,2.9,4,6.9,2.3,0,6.54,C,Pass
STU02159,20,Female,Mechanical,6,Upper-Middle,1,0,1,8.06,83.5,11.7,64.7,84.1,1,6.9,5.3,4,7.3,3.0,0,8.09,A,Pass
STU02160,20,Male,Computer Science,2,Lower-Middle,1,1,0,6.69,58.8,11.9,59.6,86.3,3,5.6,5.1,2,6.5,4.5,1,6.02,C,Pass
STU02161,19,Female,Computer Science,5,Middle,1,0,1,9.27,83.9,20.4,56.5,100.0,0,8.6,8.5,1,5.2,3.7,1,10.0,A+,Pass
STU02162,18,Male,Electronics,7,Lower-Middle,1,0,0,9.1,73.6,13.7,70.1,100.0,1,8.9,6.5,0,8.1,1.5,2,8.61,A,Pass
STU02163,24,Male,Electronics,4,Low,1,0,1,6.04,80.4,5.1,64.4,74.4,1,5.1,0.4,5,5.7,1.8,1,6.16,C,Pass
STU02164,21,Female,Mechanical,8,High,1,0,0,7.29,76.0,13.5,73.8,77.9,3,9.0,6.9,5,8.0,1.3,1,7.25,B,Pass
STU02165,18,Male,Mechanical,3,High,1,1,1,6.35,70.2,12.1,71.7,55.4,3,7.5,5.4,1,6.1,4.4,1,5.35,D,Pass
STU02166,22,Female,Computer Science,5,High,1,0,0,6.78,81.1,10.6,51.9,88.7,1,5.7,4.7,1,5.4,6.4,0,6.8,C,Pass
STU02167,23,Female,Computer Science,3,Middle,1,0,1,9.8,92.4,14.9,69.6,100.0,0,7.1,6.1,1,6.9,3.8,2,9.44,A+,Pass
STU02168,18,Male,Mechanical,6,Upper-Middle,1,0,1,6.8,65.0,13.6,50.4,65.0,1,6.7,1.7,2,5.5,6.3,0,6.71,C,Pass
STU02169,18,Male,Electronics,1,Low,1,0,0,7.67,77.8,13.9,48.5,100.0,2,4.4,4.9,1,8.1,3.7,2,8.18,A,Pass
STU02170,20,Male,Civil,1,Lower-Middle,1,0,1,7.9,76.8,10.5,55.8,87.7,2,6.7,2.7,2,6.5,2.8,0,7.16,B,Pass
STU02171,23,Female,Civil,1,Lower-Middle,1,1,1,5.9,55.5,8.9,77.7,67.5,2,6.6,2.0,3,5.2,4.2,1,5.17,D,Pass
STU02172,21,Female,Business,8,Middle,1,0,0,6.09,64.9,5.1,65.0,79.0,1,5.1,1.8,3,7.7,4.6,2,5.6,D,Pass
STU02173,18,Female,Civil,3,Middle,1,0,0,5.63,66.7,10.3,79.2,78.9,0,4.1,5.3,5,7.0,4.2,0,7.0,B,Pass
STU02174,20,Male,Electronics,5,Low,1,0,0,6.05,69.3,8.3,69.9,72.9,3,6.8,3.9,3,7.5,2.5,1,6.22,C,Pass
STU02175,19,Female,Civil,1,Middle,0,0,0,4.0,48.1,3.7,41.5,49.2,2,8.7,2.8,2,6.9,1.0,2,3.92,F,Fail
STU02176,23,Female,Electronics,5,Upper-Middle,1,0,0,7.91,88.8,12.7,69.4,92.7,1,6.4,4.1,2,8.2,1.9,0,7.9,B,Pass
STU02177,20,Female,Electronics,3,Middle,1,0,0,9.87,88.5,16.9,79.0,100.0,0,6.4,6.6,0,6.6,3.5,1,9.96,A+,Pass
STU02178,20,Male,Civil,8,Low,1,1,0,7.39,77.3,14.5,70.7,83.9,2,6.6,5.0,1,4.6,4.4,0,6.9,C,Pass
STU02179,24,Female,Electronics,6,Lower-Middle,1,0,0,5.36,70.0,9.5,56.2,53.2,0,8.9,5.3,4,5.9,2.3,1,6.04,C,Pass
STU02180,20,Female,Civil,8,Lower-Middle,1,0,0,6.36,65.5,9.3,44.2,66.7,3,3.8,4.8,4,7.4,6.7,0,5.48,D,Pass
STU02181,24,Female,Business,5,Lower-Middle,1,0,1,6.6,76.7,12.5,98.9,72.2,3,8.0,5.0,1,6.3,4.7,2,6.26,C,Pass
STU02182,18,Male,Business,8,Middle,0,1,1,5.88,66.4,10.0,58.5,60.6,1,5.6,2.8,4,7.5,7.1,0,5.84,D,Pass
STU02183,18,Female,Business,8,Middle,1,0,0,8.32,74.4,12.4,61.4,90.7,1,6.1,5.1,4,5.8,2.3,0,8.61,A,Pass
STU02184,19,Female,Electronics,6,Upper-Middle,1,0,1,8.25,85.9,13.1,72.6,86.5,0,5.8,5.3,4,8.0,3.9,1,8.41,A,Pass
STU02185,22,Male,Electronics,3,Middle,1,1,1,5.7,80.4,8.0,65.8,68.1,2,6.6,3.6,5,5.8,3.9,1,5.84,D,Pass
STU02186,22,Female,Mechanical,3,Upper-Middle,1,0,1,8.14,86.5,14.8,73.1,74.7,5,5.9,4.7,2,8.3,3.3,1,6.98,C,Pass
STU02187,22,Female,Electronics,4,Lower-Middle,1,0,0,9.18,93.3,14.3,88.9,97.5,0,6.9,4.3,2,7.5,6.2,0,9.25,A+,Pass
STU02188,24,Male,Mechanical,8,Middle,1,0,0,9.67,84.2,15.2,69.3,100.0,0,3.5,6.0,2,7.2,2.0,2,8.96,A,Pass
STU02189,23,Male,Civil,3,Upper-Middle,1,0,1,10.0,77.2,22.9,54.7,100.0,0,4.3,6.6,1,7.7,3.3,1,9.35,A+,Pass
STU02190,23,Female,Civil,3,Lower-Middle,1,0,1,6.03,82.1,11.9,67.6,68.7,1,7.6,4.2,3,8.2,1.7,1,6.9,C,Pass
STU02191,19,Male,Electronics,2,Low,1,0,1,10.0,100.0,14.7,75.4,89.8,1,9.9,6.3,5,6.9,2.0,0,9.53,A+,Pass
STU02192,23,Female,Computer Science,1,High,1,0,1,6.74,86.0,12.2,85.9,80.1,1,10.0,5.3,5,5.1,1.0,1,7.57,B,Pass
STU02193,22,Male,Electronics,4,Lower-Middle,1,0,0,6.43,69.5,10.2,73.4,78.2,2,7.9,2.3,4,8.2,4.7,2,6.22,C,Pass
STU02194,22,Female,Computer Science,7,Upper-Middle,1,0,0,7.63,68.9,13.4,62.4,90.0,1,5.7,5.5,0,6.7,6.2,1,7.38,B,Pass
STU02195,20,Male,Business,4,Low,1,1,0,6.44,63.7,10.3,45.4,82.3,0,3.2,7.1,2,8.8,4.7,0,6.31,C,Pass
STU02196,23,Female,Electronics,4,Upper-Middle,0,1,0,7.72,65.1,16.0,46.8,91.0,0,7.1,6.8,5,5.6,2.5,1,8.11,A,Pass
STU02197,18,Female,Computer Science,7,Lower-Middle,1,1,1,5.48,66.6,9.0,60.1,67.5,2,4.1,3.3,5,5.8,5.7,1,4.28,F,Fail
STU02198,18,Female,Computer Science,2,Low,1,0,0,6.89,87.3,10.6,75.7,77.4,0,6.2,6.1,0,7.7,4.8,2,7.25,B,Pass
STU02199,20,Female,Mechanical,8,Middle,1,0,0,8.87,83.2,17.9,66.2,100.0,2,8.5,9.7,4,7.8,3.4,0,9.52,A+,Pass
STU02200,20,Male,Mechanical,6,Lower-Middle,1,0,1,7.13,78.0,12.0,62.0,63.6,1,7.3,5.9,5,7.4,3.3,1,6.97,C,Pass
